guide,date,morning,afternoon,evening
G1,2025-12-01,1,1,1
G1,2025-12-02,0,0,1
G1,2025-12-03,0,0,0
G1,2025-12-04,0,1,0
G1,2025-12-05,1,1,1
G1,2025-12-06,0,0,0
G1,2025-12-07,0,0,0
G1,2025-12-08,1,1,1
G1,2025-12-09,0,0,1
G1,2025-12-10,0,1,1
G1,2025-12-11,0,0,1
G1,2025-12-12,1,1,1
G1,2025-12-13,0,0,0
G1,2025-12-14,0,0,1
G1,2025-12-15,0,1,0
G1,2025-12-16,0,0,0
G1,2025-12-17,1,0,0
G1,2025-12-18,1,1,1
G1,2025-12-19,0,0,0
G1,2025-12-20,1,1,1
G1,2025-12-21,0,1,0
G1,2025-12-22,1,1,1
G1,2025-12-23,1,0,1
G1,2025-12-24,1,0,0
G1,2025-12-25,1,1,1
G1,2025-12-26,1,1,1
G1,2025-12-27,0,1,0
G1,2025-12-28,1,1,1
G1,2025-12-29,0,1,1
G1,2025-12-30,0,0,0
G1,2025-12-31,0,1,0
G2,2025-12-01,0,0,0
G2,2025-12-02,1,1,1
G2,2025-12-03,1,0,0
G2,2025-12-04,0,0,0
G2,2025-12-05,0,0,0
G2,2025-12-06,0,0,0
G2,2025-12-07,0,0,0
G2,2025-12-08,0,0,0
G2,2025-12-09,1,1,1
G2,2025-12-10,1,0,1
G2,2025-12-11,0,1,0
G2,2025-12-12,1,1,1
G2,2025-12-13,0,1,0
G2,2025-12-14,1,0,1
G2,2025-12-15,1,1,1
G2,2025-12-16,1,1,0
G2,2025-12-17,0,1,1
G2,2025-12-18,0,0,0
G2,2025-12-19,0,0,0
G2,2025-12-20,1,0,1
G2,2025-12-21,1,1,1
G2,2025-12-22,0,1,0
G2,2025-12-23,0,0,0
G2,2025-12-24,1,1,1
G2,2025-12-25,0,0,0
G2,2025-12-26,1,1,0
G2,2025-12-27,1,1,0
G2,2025-12-28,0,1,0
G2,2025-12-29,0,0,0
G2,2025-12-30,0,0,0
G2,2025-12-31,0,0,1
G3,2025-12-01,0,1,1
G3,2025-12-02,0,1,1
G3,2025-12-03,1,0,0
G3,2025-12-04,0,0,0
G3,2025-12-05,1,1,0
G3,2025-12-06,0,0,0
G3,2025-12-07,0,0,0
G3,2025-12-08,1,1,1
G3,2025-12-09,1,1,0
G3,2025-12-10,0,0,1
G3,2025-12-11,1,1,1
G3,2025-12-12,1,1,0
G3,2025-12-13,0,0,0
G3,2025-12-14,0,0,0
G3,2025-12-15,0,1,1
G3,2025-12-16,0,0,0
G3,2025-12-17,1,0,1
G3,2025-12-18,0,0,0
G3,2025-12-19,1,1,1
G3,2025-12-20,0,0,1
G3,2025-12-21,0,0,0
G3,2025-12-22,1,0,0
G3,2025-12-23,0,0,1
G3,2025-12-24,0,1,1
G3,2025-12-25,1,1,1
G3,2025-12-26,1,1,0
G3,2025-12-27,1,1,1
G3,2025-12-28,0,1,0
G3,2025-12-29,0,1,1
G3,2025-12-30,0,0,0
G3,2025-12-31,0,0,0
G4,2025-12-01,0,1,0
G4,2025-12-02,0,1,0
G4,2025-12-03,0,1,1
G4,2025-12-04,0,0,0
G4,2025-12-05,1,0,1
G4,2025-12-06,1,0,1
G4,2025-12-07,1,1,0
G4,2025-12-08,1,1,1
G4,2025-12-09,1,1,0
G4,2025-12-10,1,1,1
G4,2025-12-11,0,1,0
G4,2025-12-12,0,0,1
G4,2025-12-13,1,1,1
G4,2025-12-14,0,0,0
G4,2025-12-15,1,0,0
G4,2025-12-16,0,0,0
G4,2025-12-17,0,0,0
G4,2025-12-18,0,0,0
G4,2025-12-19,0,0,0
G4,2025-12-20,0,0,0
G4,2025-12-21,0,0,0
G4,2025-12-22,1,1,1
G4,2025-12-23,1,1,1
G4,2025-12-24,0,0,0
G4,2025-12-25,0,1,1
G4,2025-12-26,0,0,0
G4,2025-12-27,1,1,0
G4,2025-12-28,0,0,1
G4,2025-12-29,1,1,1
G4,2025-12-30,0,0,0
G4,2025-12-31,1,1,1
G5,2025-12-01,1,1,1
G5,2025-12-02,0,0,0
G5,2025-12-03,0,0,1
G5,2025-12-04,1,0,0
G5,2025-12-05,0,1,1
G5,2025-12-06,0,1,1
G5,2025-12-07,0,0,0
G5,2025-12-08,0,0,0
G5,2025-12-09,1,0,1
G5,2025-12-10,0,0,0
G5,2025-12-11,1,1,1
G5,2025-12-12,1,1,1
G5,2025-12-13,1,1,1
G5,2025-12-14,0,1,1
G5,2025-12-15,1,1,1
G5,2025-12-16,1,1,0
G5,2025-12-17,1,0,0
G5,2025-12-18,1,0,0
G5,2025-12-19,1,1,1
G5,2025-12-20,1,1,1
G5,2025-12-21,0,0,1
G5,2025-12-22,0,0,0
G5,2025-12-23,0,0,0
G5,2025-12-24,0,0,0
G5,2025-12-25,1,1,1
G5,2025-12-26,0,1,0
G5,2025-12-27,0,0,0
G5,2025-12-28,1,1,1
G5,2025-12-29,1,0,1
G5,2025-12-30,0,0,1
G5,2025-12-31,1,1,1
G6,2025-12-01,0,0,0
G6,2025-12-02,1,0,1
G6,2025-12-03,1,1,0
G6,2025-12-04,0,0,0
G6,2025-12-05,0,1,0
G6,2025-12-06,1,1,1
G6,2025-12-07,1,1,1
G6,2025-12-08,0,0,0
G6,2025-12-09,1,0,1
G6,2025-12-10,0,0,1
G6,2025-12-11,0,0,1
G6,2025-12-12,0,0,0
G6,2025-12-13,0,0,0
G6,2025-12-14,1,1,1
G6,2025-12-15,0,0,0
G6,2025-12-16,0,0,1
G6,2025-12-17,0,1,0
G6,2025-12-18,1,1,0
G6,2025-12-19,0,0,0
G6,2025-12-20,1,1,0
G6,2025-12-21,1,1,0
G6,2025-12-22,0,0,0
G6,2025-12-23,0,0,0
G6,2025-12-24,0,0,0
G6,2025-12-25,0,0,1
G6,2025-12-26,1,1,0
G6,2025-12-27,1,1,0
G6,2025-12-28,1,0,0
G6,2025-12-29,0,0,0
G6,2025-12-30,0,1,1
G6,2025-12-31,0,0,1
G7,2025-12-01,1,0,1
G7,2025-12-02,1,1,0
G7,2025-12-03,0,0,0
G7,2025-12-04,1,1,0
G7,2025-12-05,1,0,1
G7,2025-12-06,1,1,0
G7,2025-12-07,1,1,1
G7,2025-12-08,0,1,1
G7,2025-12-09,0,0,0
G7,2025-12-10,1,0,0
G7,2025-12-11,1,0,0
G7,2025-12-12,1,1,0
G7,2025-12-13,1,1,1
G7,2025-12-14,1,1,1
G7,2025-12-15,1,0,0
G7,2025-12-16,0,1,1
G7,2025-12-17,0,0,0
G7,2025-12-18,0,1,0
G7,2025-12-19,0,0,0
G7,2025-12-20,0,1,0
G7,2025-12-21,1,0,1
G7,2025-12-22,0,0,0
G7,2025-12-23,0,0,0
G7,2025-12-24,0,0,0
G7,2025-12-25,0,1,1
G7,2025-12-26,0,0,0
G7,2025-12-27,1,1,0
G7,2025-12-28,1,0,0
G7,2025-12-29,1,1,1
G7,2025-12-30,1,1,1
G7,2025-12-31,1,1,1
G8,2025-12-01,0,0,0
G8,2025-12-02,0,1,1
G8,2025-12-03,1,1,1
G8,2025-12-04,1,0,0
G8,2025-12-05,0,0,1
G8,2025-12-06,0,0,0
G8,2025-12-07,1,1,1
G8,2025-12-08,1,1,1
G8,2025-12-09,1,1,0
G8,2025-12-10,1,1,0
G8,2025-12-11,1,1,1
G8,2025-12-12,0,1,1
G8,2025-12-13,0,1,1
G8,2025-12-14,1,1,1
G8,2025-12-15,0,0,0
G8,2025-12-16,0,0,0
G8,2025-12-17,1,0,0
G8,2025-12-18,1,1,1
G8,2025-12-19,0,1,0
G8,2025-12-20,1,0,0
G8,2025-12-21,0,0,1
G8,2025-12-22,1,1,1
G8,2025-12-23,0,0,0
G8,2025-12-24,1,1,1
G8,2025-12-25,1,0,1
G8,2025-12-26,0,1,1
G8,2025-12-27,0,1,1
G8,2025-12-28,0,1,1
G8,2025-12-29,1,1,0
G8,2025-12-30,0,0,1
G8,2025-12-31,0,0,0
G9,2025-12-01,0,1,1
G9,2025-12-02,0,1,0
G9,2025-12-03,1,1,0
G9,2025-12-04,0,1,1
G9,2025-12-05,0,1,1
G9,2025-12-06,0,0,0
G9,2025-12-07,1,1,0
G9,2025-12-08,0,0,1
G9,2025-12-09,1,1,0
G9,2025-12-10,0,1,1
G9,2025-12-11,1,1,1
G9,2025-12-12,1,1,0
G9,2025-12-13,1,0,0
G9,2025-12-14,1,1,0
G9,2025-12-15,0,0,0
G9,2025-12-16,0,1,0
G9,2025-12-17,0,0,1
G9,2025-12-18,1,0,0
G9,2025-12-19,0,0,0
G9,2025-12-20,1,0,0
G9,2025-12-21,1,1,1
G9,2025-12-22,0,0,0
G9,2025-12-23,1,0,0
G9,2025-12-24,0,0,0
G9,2025-12-25,0,0,1
G9,2025-12-26,0,0,0
G9,2025-12-27,0,0,0
G9,2025-12-28,1,0,0
G9,2025-12-29,0,1,1
G9,2025-12-30,0,0,0
G9,2025-12-31,1,1,0
G10,2025-12-01,0,1,1
G10,2025-12-02,0,0,0
G10,2025-12-03,1,1,1
G10,2025-12-04,0,0,0
G10,2025-12-05,0,0,0
G10,2025-12-06,1,1,1
G10,2025-12-07,1,1,1
G10,2025-12-08,0,0,1
G10,2025-12-09,1,1,0
G10,2025-12-10,0,1,1
G10,2025-12-11,1,1,0
G10,2025-12-12,1,1,0
G10,2025-12-13,1,1,0
G10,2025-12-14,0,0,1
G10,2025-12-15,1,1,0
G10,2025-12-16,1,1,0
G10,2025-12-17,0,1,1
G10,2025-12-18,0,0,1
G10,2025-12-19,0,1,0
G10,2025-12-20,0,0,0
G10,2025-12-21,1,0,0
G10,2025-12-22,0,1,0
G10,2025-12-23,0,0,0
G10,2025-12-24,0,0,0
G10,2025-12-25,0,0,0
G10,2025-12-26,1,1,1
G10,2025-12-27,1,1,0
G10,2025-12-28,0,0,0
G10,2025-12-29,1,1,1
G10,2025-12-30,1,1,1
G10,2025-12-31,1,1,1
G11,2025-12-01,0,1,1
G11,2025-12-02,1,0,0
G11,2025-12-03,1,0,0
G11,2025-12-04,1,1,1
G11,2025-12-05,0,0,0
G11,2025-12-06,0,0,0
G11,2025-12-07,1,1,1
G11,2025-12-08,1,0,0
G11,2025-12-09,0,1,1
G11,2025-12-10,1,1,1
G11,2025-12-11,1,0,0
G11,2025-12-12,0,0,0
G11,2025-12-13,1,0,1
G11,2025-12-14,0,0,0
G11,2025-12-15,0,0,0
G11,2025-12-16,1,0,0
G11,2025-12-17,0,0,0
G11,2025-12-18,1,0,1
G11,2025-12-19,1,1,1
G11,2025-12-20,1,1,1
G11,2025-12-21,0,0,0
G11,2025-12-22,1,1,1
G11,2025-12-23,0,0,0
G11,2025-12-24,0,0,0
G11,2025-12-25,0,0,1
G11,2025-12-26,0,0,0
G11,2025-12-27,0,1,0
G11,2025-12-28,1,1,1
G11,2025-12-29,1,1,1
G11,2025-12-30,0,0,0
G11,2025-12-31,1,0,0
G12,2025-12-01,1,1,1
G12,2025-12-02,0,0,0
G12,2025-12-03,0,1,1
G12,2025-12-04,0,0,0
G12,2025-12-05,1,0,1
G12,2025-12-06,0,0,0
G12,2025-12-07,0,0,0
G12,2025-12-08,1,0,1
G12,2025-12-09,1,1,0
G12,2025-12-10,1,0,1
G12,2025-12-11,0,0,0
G12,2025-12-12,0,1,0
G12,2025-12-13,1,0,0
G12,2025-12-14,0,0,0
G12,2025-12-15,0,0,0
G12,2025-12-16,1,1,0
G12,2025-12-17,0,0,1
G12,2025-12-18,0,1,0
G12,2025-12-19,1,1,1
G12,2025-12-20,0,1,0
G12,2025-12-21,1,1,1
G12,2025-12-22,1,1,1
G12,2025-12-23,1,1,1
G12,2025-12-24,1,1,0
G12,2025-12-25,1,0,0
G12,2025-12-26,0,1,1
G12,2025-12-27,1,1,1
G12,2025-12-28,1,1,0
G12,2025-12-29,0,0,0
G12,2025-12-30,1,1,1
G12,2025-12-31,1,1,0
G13,2025-12-01,1,1,1
G13,2025-12-02,0,0,1
G13,2025-12-03,0,0,0
G13,2025-12-04,1,1,1
G13,2025-12-05,1,1,1
G13,2025-12-06,0,1,1
G13,2025-12-07,0,1,1
G13,2025-12-08,0,0,0
G13,2025-12-09,0,0,0
G13,2025-12-10,0,0,1
G13,2025-12-11,1,1,1
G13,2025-12-12,1,0,1
G13,2025-12-13,0,0,0
G13,2025-12-14,0,0,0
G13,2025-12-15,0,1,1
G13,2025-12-16,0,1,0
G13,2025-12-17,0,1,1
G13,2025-12-18,1,0,0
G13,2025-12-19,0,0,0
G13,2025-12-20,0,0,0
G13,2025-12-21,1,0,0
G13,2025-12-22,1,0,1
G13,2025-12-23,1,0,1
G13,2025-12-24,1,1,1
G13,2025-12-25,0,0,0
G13,2025-12-26,1,1,1
G13,2025-12-27,1,0,1
G13,2025-12-28,0,0,0
G13,2025-12-29,0,0,0
G13,2025-12-30,0,0,0
G13,2025-12-31,0,1,0
G14,2025-12-01,0,1,0
G14,2025-12-02,1,0,1
G14,2025-12-03,0,0,0
G14,2025-12-04,1,0,0
G14,2025-12-05,0,0,0
G14,2025-12-06,0,0,0
G14,2025-12-07,0,0,0
G14,2025-12-08,0,1,1
G14,2025-12-09,1,0,1
G14,2025-12-10,0,0,0
G14,2025-12-11,0,0,1
G14,2025-12-12,1,0,0
G14,2025-12-13,0,0,1
G14,2025-12-14,1,0,1
G14,2025-12-15,1,1,1
G14,2025-12-16,0,1,1
G14,2025-12-17,1,1,1
G14,2025-12-18,1,1,1
G14,2025-12-19,1,1,0
G14,2025-12-20,0,0,0
G14,2025-12-21,0,0,0
G14,2025-12-22,0,0,0
G14,2025-12-23,1,1,1
G14,2025-12-24,1,1,1
G14,2025-12-25,0,1,0
G14,2025-12-26,1,1,1
G14,2025-12-27,1,1,0
G14,2025-12-28,0,0,0
G14,2025-12-29,1,1,0
G14,2025-12-30,1,1,1
G14,2025-12-31,0,0,0
G15,2025-12-01,0,0,1
G15,2025-12-02,1,1,1
G15,2025-12-03,1,1,1
G15,2025-12-04,0,0,0
G15,2025-12-05,0,1,0
G15,2025-12-06,0,0,0
G15,2025-12-07,0,0,0
G15,2025-12-08,0,0,0
G15,2025-12-09,1,0,1
G15,2025-12-10,0,0,0
G15,2025-12-11,1,1,1
G15,2025-12-12,0,0,0
G15,2025-12-13,1,0,1
G15,2025-12-14,0,0,1
G15,2025-12-15,1,0,1
G15,2025-12-16,0,0,0
G15,2025-12-17,1,1,1
G15,2025-12-18,1,0,1
G15,2025-12-19,0,0,0
G15,2025-12-20,0,1,0
G15,2025-12-21,0,0,0
G15,2025-12-22,0,1,1
G15,2025-12-23,1,1,0
G15,2025-12-24,1,0,0
G15,2025-12-25,1,1,1
G15,2025-12-26,0,0,1
G15,2025-12-27,0,0,0
G15,2025-12-28,0,0,0
G15,2025-12-29,0,0,1
G15,2025-12-30,0,0,0
G15,2025-12-31,0,0,0
G16,2025-12-01,0,0,0
G16,2025-12-02,1,1,1
G16,2025-12-03,0,0,1
G16,2025-12-04,1,1,1
G16,2025-12-05,1,0,0
G16,2025-12-06,1,1,0
G16,2025-12-07,1,0,0
G16,2025-12-08,0,0,0
G16,2025-12-09,1,1,1
G16,2025-12-10,1,0,0
G16,2025-12-11,1,1,0
G16,2025-12-12,1,1,1
G16,2025-12-13,0,0,1
G16,2025-12-14,1,0,0
G16,2025-12-15,0,1,1
G16,2025-12-16,1,1,1
G16,2025-12-17,0,0,0
G16,2025-12-18,1,0,0
G16,2025-12-19,0,0,0
G16,2025-12-20,0,1,0
G16,2025-12-21,1,1,0
G16,2025-12-22,1,0,0
G16,2025-12-23,0,1,1
G16,2025-12-24,1,0,1
G16,2025-12-25,0,1,1
G16,2025-12-26,1,1,1
G16,2025-12-27,0,1,1
G16,2025-12-28,1,0,0
G16,2025-12-29,1,0,1
G16,2025-12-30,1,1,1
G16,2025-12-31,0,0,0
G17,2025-12-01,0,0,0
G17,2025-12-02,1,1,1
G17,2025-12-03,1,1,1
G17,2025-12-04,1,1,1
G17,2025-12-05,1,1,0
G17,2025-12-06,1,1,1
G17,2025-12-07,0,1,0
G17,2025-12-08,0,1,1
G17,2025-12-09,0,0,0
G17,2025-12-10,0,0,0
G17,2025-12-11,1,1,1
G17,2025-12-12,1,1,1
G17,2025-12-13,0,1,0
G17,2025-12-14,1,1,1
G17,2025-12-15,0,0,0
G17,2025-12-16,0,0,0
G17,2025-12-17,0,0,0
G17,2025-12-18,1,1,1
G17,2025-12-19,1,0,1
G17,2025-12-20,1,1,0
G17,2025-12-21,1,0,0
G17,2025-12-22,0,0,1
G17,2025-12-23,1,1,0
G17,2025-12-24,1,1,1
G17,2025-12-25,1,0,1
G17,2025-12-26,1,1,1
G17,2025-12-27,1,1,1
G17,2025-12-28,0,0,0
G17,2025-12-29,1,1,0
G17,2025-12-30,1,1,1
G17,2025-12-31,1,0,0
G18,2025-12-01,0,0,1
G18,2025-12-02,0,0,0
G18,2025-12-03,0,0,0
G18,2025-12-04,0,1,1
G18,2025-12-05,0,1,1
G18,2025-12-06,1,0,0
G18,2025-12-07,0,1,0
G18,2025-12-08,1,1,1
G18,2025-12-09,0,0,0
G18,2025-12-10,0,0,1
G18,2025-12-11,0,0,1
G18,2025-12-12,0,0,1
G18,2025-12-13,1,0,1
G18,2025-12-14,0,0,0
G18,2025-12-15,1,0,0
G18,2025-12-16,0,0,0
G18,2025-12-17,0,0,0
G18,2025-12-18,1,1,1
G18,2025-12-19,1,0,0
G18,2025-12-20,1,0,0
G18,2025-12-21,0,1,0
G18,2025-12-22,1,1,0
G18,2025-12-23,0,0,1
G18,2025-12-24,1,0,0
G18,2025-12-25,0,0,0
G18,2025-12-26,1,1,1
G18,2025-12-27,0,0,0
G18,2025-12-28,0,0,0
G18,2025-12-29,1,1,1
G18,2025-12-30,1,0,0
G18,2025-12-31,0,0,0
G19,2025-12-01,1,0,1
G19,2025-12-02,0,0,1
G19,2025-12-03,0,0,1
G19,2025-12-04,0,1,1
G19,2025-12-05,1,1,1
G19,2025-12-06,0,1,1
G19,2025-12-07,1,1,0
G19,2025-12-08,1,0,0
G19,2025-12-09,1,1,1
G19,2025-12-10,0,0,0
G19,2025-12-11,0,0,0
G19,2025-12-12,1,1,0
G19,2025-12-13,0,0,0
G19,2025-12-14,0,1,0
G19,2025-12-15,1,1,0
G19,2025-12-16,0,1,1
G19,2025-12-17,1,1,1
G19,2025-12-18,0,1,1
G19,2025-12-19,0,1,0
G19,2025-12-20,0,0,0
G19,2025-12-21,1,1,0
G19,2025-12-22,0,0,0
G19,2025-12-23,1,0,0
G19,2025-12-24,1,1,1
G19,2025-12-25,0,0,0
G19,2025-12-26,1,1,1
G19,2025-12-27,0,0,1
G19,2025-12-28,0,0,1
G19,2025-12-29,1,1,1
G19,2025-12-30,0,0,0
G19,2025-12-31,0,0,0
G20,2025-12-01,1,0,1
G20,2025-12-02,0,0,1
G20,2025-12-03,0,1,0
G20,2025-12-04,1,1,1
G20,2025-12-05,1,1,0
G20,2025-12-06,0,0,0
G20,2025-12-07,0,1,1
G20,2025-12-08,0,0,0
G20,2025-12-09,0,1,0
G20,2025-12-10,1,1,1
G20,2025-12-11,0,0,0
G20,2025-12-12,1,0,0
G20,2025-12-13,0,0,1
G20,2025-12-14,0,0,0
G20,2025-12-15,1,1,1
G20,2025-12-16,1,1,1
G20,2025-12-17,0,1,1
G20,2025-12-18,1,1,1
G20,2025-12-19,0,1,0
G20,2025-12-20,0,0,1
G20,2025-12-21,1,1,1
G20,2025-12-22,1,1,1
G20,2025-12-23,1,0,0
G20,2025-12-24,1,1,1
G20,2025-12-25,1,0,1
G20,2025-12-26,1,1,1
G20,2025-12-27,1,0,0
G20,2025-12-28,0,0,0
G20,2025-12-29,1,1,1
G20,2025-12-30,0,0,0
G20,2025-12-31,1,1,1
G21,2025-12-01,1,1,1
G21,2025-12-02,1,1,1
G21,2025-12-03,1,1,1
G21,2025-12-04,0,0,0
G21,2025-12-05,0,0,0
G21,2025-12-06,1,0,0
G21,2025-12-07,0,1,0
G21,2025-12-08,1,1,1
G21,2025-12-09,0,0,0
G21,2025-12-10,1,1,0
G21,2025-12-11,1,1,1
G21,2025-12-12,0,0,0
G21,2025-12-13,1,0,0
G21,2025-12-14,1,0,0
G21,2025-12-15,0,0,0
G21,2025-12-16,1,1,0
G21,2025-12-17,1,1,1
G21,2025-12-18,0,0,0
G21,2025-12-19,1,1,0
G21,2025-12-20,1,1,1
G21,2025-12-21,0,0,0
G21,2025-12-22,1,1,0
G21,2025-12-23,0,1,0
G21,2025-12-24,0,0,0
G21,2025-12-25,1,1,1
G21,2025-12-26,1,1,1
G21,2025-12-27,0,0,0
G21,2025-12-28,0,1,1
G21,2025-12-29,0,1,1
G21,2025-12-30,1,1,0
G21,2025-12-31,0,1,0
G22,2025-12-01,1,1,1
G22,2025-12-02,1,1,1
G22,2025-12-03,0,0,1
G22,2025-12-04,0,1,1
G22,2025-12-05,1,1,1
G22,2025-12-06,1,1,1
G22,2025-12-07,0,0,1
G22,2025-12-08,0,0,0
G22,2025-12-09,1,1,0
G22,2025-12-10,0,1,0
G22,2025-12-11,1,0,1
G22,2025-12-12,1,1,1
G22,2025-12-13,0,0,0
G22,2025-12-14,0,1,1
G22,2025-12-15,0,0,0
G22,2025-12-16,1,1,1
G22,2025-12-17,1,1,0
G22,2025-12-18,0,1,0
G22,2025-12-19,0,0,0
G22,2025-12-20,0,0,1
G22,2025-12-21,0,0,0
G22,2025-12-22,0,0,0
G22,2025-12-23,1,1,1
G22,2025-12-24,0,0,0
G22,2025-12-25,0,1,0
G22,2025-12-26,1,1,0
G22,2025-12-27,1,1,1
G22,2025-12-28,0,0,0
G22,2025-12-29,0,0,1
G22,2025-12-30,0,0,0
G22,2025-12-31,1,1,1
G23,2025-12-01,1,1,1
G23,2025-12-02,0,0,1
G23,2025-12-03,1,1,1
G23,2025-12-04,0,1,1
G23,2025-12-05,0,0,0
G23,2025-12-06,0,0,0
G23,2025-12-07,1,0,1
G23,2025-12-08,0,0,0
G23,2025-12-09,0,0,0
G23,2025-12-10,0,1,0
G23,2025-12-11,1,1,1
G23,2025-12-12,0,0,0
G23,2025-12-13,1,1,1
G23,2025-12-14,0,0,0
G23,2025-12-15,1,1,1
G23,2025-12-16,0,1,1
G23,2025-12-17,1,1,1
G23,2025-12-18,0,0,0
G23,2025-12-19,1,1,1
G23,2025-12-20,1,1,0
G23,2025-12-21,0,0,0
G23,2025-12-22,1,0,0
G23,2025-12-23,0,1,1
G23,2025-12-24,1,0,0
G23,2025-12-25,1,1,1
G23,2025-12-26,1,0,1
G23,2025-12-27,1,1,1
G23,2025-12-28,0,1,1
G23,2025-12-29,0,1,1
G23,2025-12-30,0,0,0
G23,2025-12-31,0,1,0
G24,2025-12-01,0,1,1
G24,2025-12-02,0,1,0
G24,2025-12-03,0,0,1
G24,2025-12-04,0,1,0
G24,2025-12-05,0,0,0
G24,2025-12-06,0,0,0
G24,2025-12-07,1,1,1
G24,2025-12-08,1,1,1
G24,2025-12-09,0,1,1
G24,2025-12-10,0,0,0
G24,2025-12-11,1,0,1
G24,2025-12-12,0,1,1
G24,2025-12-13,0,0,0
G24,2025-12-14,1,1,0
G24,2025-12-15,1,0,1
G24,2025-12-16,0,0,0
G24,2025-12-17,0,0,0
G24,2025-12-18,0,1,1
G24,2025-12-19,0,1,0
G24,2025-12-20,0,0,0
G24,2025-12-21,1,0,0
G24,2025-12-22,1,1,0
G24,2025-12-23,1,1,1
G24,2025-12-24,0,0,1
G24,2025-12-25,1,1,1
G24,2025-12-26,0,0,1
G24,2025-12-27,0,0,0
G24,2025-12-28,0,1,0
G24,2025-12-29,0,1,0
G24,2025-12-30,0,0,0
G24,2025-12-31,1,1,1
G25,2025-12-01,0,1,1
G25,2025-12-02,0,0,1
G25,2025-12-03,0,0,1
G25,2025-12-04,0,0,0
G25,2025-12-05,1,1,1
G25,2025-12-06,1,1,1
G25,2025-12-07,1,1,1
G25,2025-12-08,0,0,0
G25,2025-12-09,0,0,0
G25,2025-12-10,0,0,0
G25,2025-12-11,0,0,0
G25,2025-12-12,1,0,0
G25,2025-12-13,1,0,1
G25,2025-12-14,1,0,0
G25,2025-12-15,0,1,1
G25,2025-12-16,1,1,0
G25,2025-12-17,0,0,0
G25,2025-12-18,1,1,1
G25,2025-12-19,0,0,0
G25,2025-12-20,1,1,0
G25,2025-12-21,1,1,1
G25,2025-12-22,0,0,0
G25,2025-12-23,0,0,0
G25,2025-12-24,0,0,0
G25,2025-12-25,0,0,0
G25,2025-12-26,0,0,0
G25,2025-12-27,0,0,1
G25,2025-12-28,1,1,0
G25,2025-12-29,0,1,0
G25,2025-12-30,1,0,1
G25,2025-12-31,0,0,0
G26,2025-12-01,0,0,1
G26,2025-12-02,1,1,1
G26,2025-12-03,1,1,1
G26,2025-12-04,1,1,1
G26,2025-12-05,1,1,1
G26,2025-12-06,1,1,1
G26,2025-12-07,0,0,0
G26,2025-12-08,1,1,1
G26,2025-12-09,1,1,1
G26,2025-12-10,0,0,0
G26,2025-12-11,1,0,0
G26,2025-12-12,0,1,0
G26,2025-12-13,0,0,0
G26,2025-12-14,1,1,1
G26,2025-12-15,0,0,1
G26,2025-12-16,0,0,0
G26,2025-12-17,1,0,1
G26,2025-12-18,1,1,0
G26,2025-12-19,1,1,1
G26,2025-12-20,0,0,0
G26,2025-12-21,0,0,0
G26,2025-12-22,0,1,0
G26,2025-12-23,0,1,1
G26,2025-12-24,1,1,1
G26,2025-12-25,1,1,1
G26,2025-12-26,0,0,0
G26,2025-12-27,1,1,1
G26,2025-12-28,1,1,1
G26,2025-12-29,0,0,0
G26,2025-12-30,0,1,0
G26,2025-12-31,0,0,0
G27,2025-12-01,0,1,1
G27,2025-12-02,0,0,0
G27,2025-12-03,0,1,1
G27,2025-12-04,1,1,1
G27,2025-12-05,0,0,0
G27,2025-12-06,0,0,0
G27,2025-12-07,0,1,0
G27,2025-12-08,1,0,0
G27,2025-12-09,1,1,1
G27,2025-12-10,1,0,1
G27,2025-12-11,0,1,1
G27,2025-12-12,0,0,0
G27,2025-12-13,0,0,0
G27,2025-12-14,0,0,0
G27,2025-12-15,0,0,0
G27,2025-12-16,1,1,1
G27,2025-12-17,0,0,1
G27,2025-12-18,0,1,0
G27,2025-12-19,0,1,0
G27,2025-12-20,1,1,1
G27,2025-12-21,1,1,1
G27,2025-12-22,0,1,0
G27,2025-12-23,0,0,0
G27,2025-12-24,1,0,0
G27,2025-12-25,0,1,0
G27,2025-12-26,1,1,1
G27,2025-12-27,0,1,1
G27,2025-12-28,0,1,0
G27,2025-12-29,0,0,0
G27,2025-12-30,0,0,0
G27,2025-12-31,1,1,0
G28,2025-12-01,0,1,0
G28,2025-12-02,0,1,0
G28,2025-12-03,0,1,0
G28,2025-12-04,0,1,1
G28,2025-12-05,1,1,0
G28,2025-12-06,0,0,0
G28,2025-12-07,0,0,1
G28,2025-12-08,0,1,1
G28,2025-12-09,1,1,1
G28,2025-12-10,0,0,0
G28,2025-12-11,1,0,0
G28,2025-12-12,0,1,1
G28,2025-12-13,0,0,0
G28,2025-12-14,0,0,0
G28,2025-12-15,1,1,1
G28,2025-12-16,0,0,0
G28,2025-12-17,1,0,0
G28,2025-12-18,0,0,0
G28,2025-12-19,0,0,0
G28,2025-12-20,0,0,0
G28,2025-12-21,1,0,1
G28,2025-12-22,1,0,1
G28,2025-12-23,0,0,0
G28,2025-12-24,1,0,0
G28,2025-12-25,1,0,1
G28,2025-12-26,1,1,1
G28,2025-12-27,0,0,0
G28,2025-12-28,0,0,0
G28,2025-12-29,0,0,0
G28,2025-12-30,0,0,1
G28,2025-12-31,1,1,0
G29,2025-12-01,1,1,0
G29,2025-12-02,0,0,0
G29,2025-12-03,0,0,0
G29,2025-12-04,1,1,1
G29,2025-12-05,0,0,0
G29,2025-12-06,0,1,0
G29,2025-12-07,1,1,0
G29,2025-12-08,0,1,0
G29,2025-12-09,1,0,0
G29,2025-12-10,1,1,0
G29,2025-12-11,1,0,0
G29,2025-12-12,1,0,0
G29,2025-12-13,0,1,1
G29,2025-12-14,0,0,0
G29,2025-12-15,1,1,1
G29,2025-12-16,1,1,1
G29,2025-12-17,1,1,1
G29,2025-12-18,1,0,0
G29,2025-12-19,1,1,1
G29,2025-12-20,1,1,0
G29,2025-12-21,0,0,0
G29,2025-12-22,1,1,1
G29,2025-12-23,0,0,0
G29,2025-12-24,1,1,1
G29,2025-12-25,1,0,1
G29,2025-12-26,0,0,0
G29,2025-12-27,0,0,1
G29,2025-12-28,0,1,1
G29,2025-12-29,0,0,0
G29,2025-12-30,1,1,1
G29,2025-12-31,0,0,0
G30,2025-12-01,0,0,0
G30,2025-12-02,1,0,0
G30,2025-12-03,0,1,0
G30,2025-12-04,0,0,0
G30,2025-12-05,0,0,0
G30,2025-12-06,0,0,0
G30,2025-12-07,1,1,1
G30,2025-12-08,0,0,0
G30,2025-12-09,0,1,1
G30,2025-12-10,0,1,1
G30,2025-12-11,0,0,0
G30,2025-12-12,1,1,1
G30,2025-12-13,1,1,1
G30,2025-12-14,0,0,1
G30,2025-12-15,0,0,0
G30,2025-12-16,1,0,1
G30,2025-12-17,0,0,1
G30,2025-12-18,1,1,0
G30,2025-12-19,0,0,0
G30,2025-12-20,0,0,1
G30,2025-12-21,1,1,1
G30,2025-12-22,0,0,1
G30,2025-12-23,1,0,0
G30,2025-12-24,0,1,0
G30,2025-12-25,1,1,1
G30,2025-12-26,1,0,0
G30,2025-12-27,0,0,1
G30,2025-12-28,0,0,0
G30,2025-12-29,0,0,0
G30,2025-12-30,1,1,1
G30,2025-12-31,1,1,1
G31,2025-12-01,1,0,0
G31,2025-12-02,0,1,0
G31,2025-12-03,0,0,0
G31,2025-12-04,1,1,0
G31,2025-12-05,1,1,0
G31,2025-12-06,0,0,0
G31,2025-12-07,1,0,1
G31,2025-12-08,1,0,1
G31,2025-12-09,0,0,0
G31,2025-12-10,0,0,0
G31,2025-12-11,0,0,0
G31,2025-12-12,1,1,1
G31,2025-12-13,0,0,0
G31,2025-12-14,1,1,0
G31,2025-12-15,0,0,0
G31,2025-12-16,0,0,0
G31,2025-12-17,1,0,0
G31,2025-12-18,0,0,0
G31,2025-12-19,1,0,1
G31,2025-12-20,1,1,0
G31,2025-12-21,0,0,0
G31,2025-12-22,0,1,0
G31,2025-12-23,0,0,0
G31,2025-12-24,0,0,0
G31,2025-12-25,0,0,0
G31,2025-12-26,0,1,1
G31,2025-12-27,0,0,0
G31,2025-12-28,0,0,0
G31,2025-12-29,0,1,0
G31,2025-12-30,0,0,0
G31,2025-12-31,1,1,1
G32,2025-12-01,0,0,0
G32,2025-12-02,1,0,0
G32,2025-12-03,1,1,1
G32,2025-12-04,0,0,0
G32,2025-12-05,0,1,1
G32,2025-12-06,1,1,1
G32,2025-12-07,0,0,0
G32,2025-12-08,0,0,1
G32,2025-12-09,0,0,0
G32,2025-12-10,1,1,1
G32,2025-12-11,1,1,1
G32,2025-12-12,1,1,1
G32,2025-12-13,1,1,0
G32,2025-12-14,0,0,0
G32,2025-12-15,0,0,0
G32,2025-12-16,0,1,0
G32,2025-12-17,1,0,0
G32,2025-12-18,0,0,0
G32,2025-12-19,0,0,1
G32,2025-12-20,1,1,1
G32,2025-12-21,0,0,0
G32,2025-12-22,0,0,0
G32,2025-12-23,0,0,0
G32,2025-12-24,0,0,0
G32,2025-12-25,0,0,0
G32,2025-12-26,0,0,0
G32,2025-12-27,1,1,1
G32,2025-12-28,0,0,0
G32,2025-12-29,0,1,0
G32,2025-12-30,1,1,1
G32,2025-12-31,1,1,1
G33,2025-12-01,1,1,1
G33,2025-12-02,0,0,0
G33,2025-12-03,0,0,0
G33,2025-12-04,0,0,1
G33,2025-12-05,0,1,0
G33,2025-12-06,0,0,0
G33,2025-12-07,0,0,0
G33,2025-12-08,0,1,0
G33,2025-12-09,1,0,1
G33,2025-12-10,0,0,0
G33,2025-12-11,1,1,0
G33,2025-12-12,0,1,1
G33,2025-12-13,1,0,0
G33,2025-12-14,1,0,1
G33,2025-12-15,0,0,1
G33,2025-12-16,1,0,0
G33,2025-12-17,1,1,1
G33,2025-12-18,0,1,0
G33,2025-12-19,1,1,0
G33,2025-12-20,0,1,1
G33,2025-12-21,1,1,1
G33,2025-12-22,1,1,1
G33,2025-12-23,1,1,1
G33,2025-12-24,0,1,0
G33,2025-12-25,0,0,0
G33,2025-12-26,1,0,1
G33,2025-12-27,1,1,0
G33,2025-12-28,0,0,0
G33,2025-12-29,0,0,0
G33,2025-12-30,1,1,1
G33,2025-12-31,0,0,0
G34,2025-12-01,1,1,0
G34,2025-12-02,0,0,0
G34,2025-12-03,1,0,1
G34,2025-12-04,1,1,0
G34,2025-12-05,0,0,1
G34,2025-12-06,0,1,0
G34,2025-12-07,1,0,0
G34,2025-12-08,1,1,1
G34,2025-12-09,1,0,1
G34,2025-12-10,1,1,1
G34,2025-12-11,0,0,0
G34,2025-12-12,0,0,0
G34,2025-12-13,0,0,0
G34,2025-12-14,0,1,0
G34,2025-12-15,1,1,1
G34,2025-12-16,0,0,0
G34,2025-12-17,1,0,1
G34,2025-12-18,0,1,0
G34,2025-12-19,1,0,0
G34,2025-12-20,0,0,1
G34,2025-12-21,0,0,0
G34,2025-12-22,1,1,0
G34,2025-12-23,0,0,0
G34,2025-12-24,1,1,1
G34,2025-12-25,0,0,0
G34,2025-12-26,1,0,1
G34,2025-12-27,0,0,0
G34,2025-12-28,0,1,1
G34,2025-12-29,0,1,0
G34,2025-12-30,0,0,0
G34,2025-12-31,0,0,0
G35,2025-12-01,0,0,0
G35,2025-12-02,1,0,1
G35,2025-12-03,0,1,0
G35,2025-12-04,1,0,1
G35,2025-12-05,1,1,1
G35,2025-12-06,0,0,0
G35,2025-12-07,0,1,1
G35,2025-12-08,1,1,0
G35,2025-12-09,0,1,0
G35,2025-12-10,1,0,0
G35,2025-12-11,0,0,0
G35,2025-12-12,1,1,1
G35,2025-12-13,0,0,0
G35,2025-12-14,0,0,0
G35,2025-12-15,0,1,1
G35,2025-12-16,1,0,0
G35,2025-12-17,1,1,1
G35,2025-12-18,1,0,1
G35,2025-12-19,0,0,1
G35,2025-12-20,0,1,0
G35,2025-12-21,1,1,1
G35,2025-12-22,1,0,1
G35,2025-12-23,1,1,1
G35,2025-12-24,1,1,1
G35,2025-12-25,0,0,0
G35,2025-12-26,0,0,1
G35,2025-12-27,0,0,0
G35,2025-12-28,1,1,1
G35,2025-12-29,1,1,1
G35,2025-12-30,0,0,0
G35,2025-12-31,0,1,0
G36,2025-12-01,0,0,0
G36,2025-12-02,0,1,1
G36,2025-12-03,1,1,1
G36,2025-12-04,0,0,0
G36,2025-12-05,0,0,0
G36,2025-12-06,0,0,0
G36,2025-12-07,0,0,0
G36,2025-12-08,0,1,1
G36,2025-12-09,1,1,1
G36,2025-12-10,1,0,0
G36,2025-12-11,0,0,0
G36,2025-12-12,1,1,1
G36,2025-12-13,1,1,1
G36,2025-12-14,1,1,1
G36,2025-12-15,0,1,1
G36,2025-12-16,1,1,1
G36,2025-12-17,0,0,0
G36,2025-12-18,1,1,1
G36,2025-12-19,0,0,0
G36,2025-12-20,0,1,0
G36,2025-12-21,1,1,1
G36,2025-12-22,0,0,0
G36,2025-12-23,1,0,0
G36,2025-12-24,1,0,0
G36,2025-12-25,1,0,0
G36,2025-12-26,0,0,1
G36,2025-12-27,0,0,0
G36,2025-12-28,0,0,0
G36,2025-12-29,1,1,1
G36,2025-12-30,0,0,0
G36,2025-12-31,0,0,0
G37,2025-12-01,1,0,1
G37,2025-12-02,0,1,1
G37,2025-12-03,1,1,1
G37,2025-12-04,0,1,0
G37,2025-12-05,1,1,1
G37,2025-12-06,0,1,1
G37,2025-12-07,0,0,1
G37,2025-12-08,0,0,0
G37,2025-12-09,0,0,1
G37,2025-12-10,1,0,1
G37,2025-12-11,0,0,0
G37,2025-12-12,0,0,0
G37,2025-12-13,0,0,0
G37,2025-12-14,1,1,1
G37,2025-12-15,0,0,0
G37,2025-12-16,0,1,1
G37,2025-12-17,1,1,1
G37,2025-12-18,1,1,1
G37,2025-12-19,0,0,0
G37,2025-12-20,0,1,1
G37,2025-12-21,1,1,1
G37,2025-12-22,1,0,0
G37,2025-12-23,0,1,1
G37,2025-12-24,1,1,1
G37,2025-12-25,0,1,1
G37,2025-12-26,0,0,1
G37,2025-12-27,0,0,0
G37,2025-12-28,0,1,1
G37,2025-12-29,0,1,1
G37,2025-12-30,1,1,0
G37,2025-12-31,0,1,1
G38,2025-12-01,0,0,0
G38,2025-12-02,0,1,0
G38,2025-12-03,0,0,0
G38,2025-12-04,0,0,0
G38,2025-12-05,0,0,0
G38,2025-12-06,1,1,1
G38,2025-12-07,1,0,0
G38,2025-12-08,1,0,0
G38,2025-12-09,0,0,0
G38,2025-12-10,1,1,0
G38,2025-12-11,1,1,1
G38,2025-12-12,0,1,0
G38,2025-12-13,1,1,1
G38,2025-12-14,1,0,0
G38,2025-12-15,1,1,1
G38,2025-12-16,1,1,1
G38,2025-12-17,1,1,1
G38,2025-12-18,0,0,1
G38,2025-12-19,0,0,0
G38,2025-12-20,1,1,1
G38,2025-12-21,1,1,1
G38,2025-12-22,0,0,0
G38,2025-12-23,0,1,1
G38,2025-12-24,1,1,0
G38,2025-12-25,1,1,1
G38,2025-12-26,1,0,0
G38,2025-12-27,0,0,0
G38,2025-12-28,0,0,0
G38,2025-12-29,0,0,0
G38,2025-12-30,1,1,1
G38,2025-12-31,1,1,1
G39,2025-12-01,1,1,1
G39,2025-12-02,1,1,0
G39,2025-12-03,0,1,0
G39,2025-12-04,0,0,0
G39,2025-12-05,0,0,1
G39,2025-12-06,1,1,0
G39,2025-12-07,0,1,1
G39,2025-12-08,0,0,0
G39,2025-12-09,1,1,1
G39,2025-12-10,1,1,1
G39,2025-12-11,0,1,1
G39,2025-12-12,1,1,0
G39,2025-12-13,1,1,0
G39,2025-12-14,0,1,0
G39,2025-12-15,0,0,0
G39,2025-12-16,1,1,1
G39,2025-12-17,0,0,0
G39,2025-12-18,1,1,1
G39,2025-12-19,0,0,0
G39,2025-12-20,0,1,0
G39,2025-12-21,1,1,1
G39,2025-12-22,1,1,1
G39,2025-12-23,0,0,0
G39,2025-12-24,0,1,1
G39,2025-12-25,0,0,0
G39,2025-12-26,0,1,1
G39,2025-12-27,1,0,0
G39,2025-12-28,0,0,0
G39,2025-12-29,1,1,1
G39,2025-12-30,1,0,1
G39,2025-12-31,0,1,1
G40,2025-12-01,0,0,0
G40,2025-12-02,0,1,0
G40,2025-12-03,0,1,0
G40,2025-12-04,1,1,0
G40,2025-12-05,0,1,1
G40,2025-12-06,0,0,0
G40,2025-12-07,1,0,0
G40,2025-12-08,0,0,0
G40,2025-12-09,0,1,0
G40,2025-12-10,0,0,0
G40,2025-12-11,1,1,1
G40,2025-12-12,1,1,1
G40,2025-12-13,0,0,0
G40,2025-12-14,0,0,0
G40,2025-12-15,1,1,1
G40,2025-12-16,0,1,1
G40,2025-12-17,0,0,0
G40,2025-12-18,0,1,1
G40,2025-12-19,0,0,0
G40,2025-12-20,1,0,1
G40,2025-12-21,1,1,0
G40,2025-12-22,0,1,1
G40,2025-12-23,1,0,1
G40,2025-12-24,0,0,0
G40,2025-12-25,0,1,0
G40,2025-12-26,1,1,1
G40,2025-12-27,0,1,1
G40,2025-12-28,0,1,0
G40,2025-12-29,1,1,0
G40,2025-12-30,1,1,1
G40,2025-12-31,0,0,0
G41,2025-12-01,0,0,0
G41,2025-12-02,0,0,0
G41,2025-12-03,1,1,1
G41,2025-12-04,0,0,0
G41,2025-12-05,1,0,0
G41,2025-12-06,1,1,1
G41,2025-12-07,0,0,0
G41,2025-12-08,0,0,0
G41,2025-12-09,1,0,0
G41,2025-12-10,1,1,0
G41,2025-12-11,0,0,0
G41,2025-12-12,1,1,1
G41,2025-12-13,1,0,0
G41,2025-12-14,1,1,1
G41,2025-12-15,0,0,0
G41,2025-12-16,0,0,1
G41,2025-12-17,1,0,1
G41,2025-12-18,1,0,1
G41,2025-12-19,0,0,0
G41,2025-12-20,0,0,0
G41,2025-12-21,0,0,1
G41,2025-12-22,0,0,0
G41,2025-12-23,1,1,0
G41,2025-12-24,0,0,0
G41,2025-12-25,1,1,1
G41,2025-12-26,0,0,0
G41,2025-12-27,1,1,1
G41,2025-12-28,1,0,1
G41,2025-12-29,1,1,1
G41,2025-12-30,1,0,0
G41,2025-12-31,1,1,0
G42,2025-12-01,0,0,0
G42,2025-12-02,1,0,1
G42,2025-12-03,1,1,0
G42,2025-12-04,1,0,0
G42,2025-12-05,1,1,1
G42,2025-12-06,0,1,0
G42,2025-12-07,0,0,0
G42,2025-12-08,0,1,0
G42,2025-12-09,1,1,0
G42,2025-12-10,1,1,1
G42,2025-12-11,1,0,1
G42,2025-12-12,1,1,1
G42,2025-12-13,1,0,0
G42,2025-12-14,0,0,0
G42,2025-12-15,1,0,0
G42,2025-12-16,0,1,1
G42,2025-12-17,1,1,0
G42,2025-12-18,1,1,1
G42,2025-12-19,0,0,0
G42,2025-12-20,1,1,1
G42,2025-12-21,1,1,1
G42,2025-12-22,1,1,1
G42,2025-12-23,1,1,1
G42,2025-12-24,1,1,1
G42,2025-12-25,0,0,0
G42,2025-12-26,0,0,1
G42,2025-12-27,0,0,0
G42,2025-12-28,1,1,1
G42,2025-12-29,1,0,0
G42,2025-12-30,0,0,0
G42,2025-12-31,0,1,0
G43,2025-12-01,0,0,0
G43,2025-12-02,0,0,0
G43,2025-12-03,0,0,1
G43,2025-12-04,1,0,0
G43,2025-12-05,1,1,1
G43,2025-12-06,1,0,0
G43,2025-12-07,1,1,1
G43,2025-12-08,0,0,1
G43,2025-12-09,1,1,1
G43,2025-12-10,0,0,0
G43,2025-12-11,0,0,0
G43,2025-12-12,0,0,0
G43,2025-12-13,0,1,1
G43,2025-12-14,1,1,1
G43,2025-12-15,0,0,0
G43,2025-12-16,0,0,0
G43,2025-12-17,0,1,0
G43,2025-12-18,0,0,0
G43,2025-12-19,0,1,1
G43,2025-12-20,1,1,1
G43,2025-12-21,0,0,0
G43,2025-12-22,1,0,1
G43,2025-12-23,1,0,0
G43,2025-12-24,1,1,1
G43,2025-12-25,1,1,0
G43,2025-12-26,1,1,0
G43,2025-12-27,1,1,0
G43,2025-12-28,0,0,0
G43,2025-12-29,1,1,1
G43,2025-12-30,1,0,0
G43,2025-12-31,0,1,0
G44,2025-12-01,0,1,1
G44,2025-12-02,1,0,1
G44,2025-12-03,0,0,0
G44,2025-12-04,1,1,1
G44,2025-12-05,0,0,0
G44,2025-12-06,0,0,0
G44,2025-12-07,1,1,1
G44,2025-12-08,1,0,1
G44,2025-12-09,0,0,1
G44,2025-12-10,1,1,0
G44,2025-12-11,1,1,1
G44,2025-12-12,0,0,1
G44,2025-12-13,0,1,0
G44,2025-12-14,1,1,1
G44,2025-12-15,0,0,0
G44,2025-12-16,1,1,0
G44,2025-12-17,0,0,0
G44,2025-12-18,1,1,1
G44,2025-12-19,1,1,1
G44,2025-12-20,1,1,1
G44,2025-12-21,0,0,0
G44,2025-12-22,0,0,0
G44,2025-12-23,0,0,0
G44,2025-12-24,0,0,0
G44,2025-12-25,0,0,0
G44,2025-12-26,1,0,0
G44,2025-12-27,0,1,0
G44,2025-12-28,1,0,1
G44,2025-12-29,0,0,0
G44,2025-12-30,0,1,0
G44,2025-12-31,0,0,0
G45,2025-12-01,0,0,0
G45,2025-12-02,0,0,0
G45,2025-12-03,0,0,0
G45,2025-12-04,1,1,1
G45,2025-12-05,1,1,1
G45,2025-12-06,1,1,1
G45,2025-12-07,1,0,1
G45,2025-12-08,1,1,1
G45,2025-12-09,1,1,0
G45,2025-12-10,0,0,0
G45,2025-12-11,1,0,1
G45,2025-12-12,0,0,1
G45,2025-12-13,0,0,1
G45,2025-12-14,0,0,0
G45,2025-12-15,0,0,1
G45,2025-12-16,1,0,1
G45,2025-12-17,0,1,0
G45,2025-12-18,0,0,0
G45,2025-12-19,0,0,0
G45,2025-12-20,1,1,0
G45,2025-12-21,1,1,1
G45,2025-12-22,0,0,0
G45,2025-12-23,1,1,1
G45,2025-12-24,1,1,1
G45,2025-12-25,0,0,1
G45,2025-12-26,1,0,1
G45,2025-12-27,1,1,1
G45,2025-12-28,0,0,1
G45,2025-12-29,0,1,0
G45,2025-12-30,0,1,0
G45,2025-12-31,1,1,1
G46,2025-12-01,0,1,0
G46,2025-12-02,0,0,0
G46,2025-12-03,1,1,1
G46,2025-12-04,0,1,0
G46,2025-12-05,0,0,0
G46,2025-12-06,1,0,1
G46,2025-12-07,1,1,1
G46,2025-12-08,1,0,0
G46,2025-12-09,1,0,0
G46,2025-12-10,0,0,0
G46,2025-12-11,1,0,1
G46,2025-12-12,0,1,1
G46,2025-12-13,1,1,1
G46,2025-12-14,1,1,1
G46,2025-12-15,1,0,1
G46,2025-12-16,0,0,0
G46,2025-12-17,1,1,0
G46,2025-12-18,1,0,0
G46,2025-12-19,1,1,1
G46,2025-12-20,0,1,1
G46,2025-12-21,1,0,0
G46,2025-12-22,0,0,0
G46,2025-12-23,0,1,0
G46,2025-12-24,1,1,1
G46,2025-12-25,1,1,1
G46,2025-12-26,0,0,0
G46,2025-12-27,1,0,1
G46,2025-12-28,0,1,1
G46,2025-12-29,0,0,0
G46,2025-12-30,1,1,1
G46,2025-12-31,1,1,1
G47,2025-12-01,1,1,1
G47,2025-12-02,1,0,1
G47,2025-12-03,0,0,0
G47,2025-12-04,1,1,0
G47,2025-12-05,0,0,1
G47,2025-12-06,1,1,1
G47,2025-12-07,0,0,1
G47,2025-12-08,1,1,1
G47,2025-12-09,0,0,1
G47,2025-12-10,0,0,0
G47,2025-12-11,1,1,0
G47,2025-12-12,0,0,0
G47,2025-12-13,0,1,0
G47,2025-12-14,0,0,0
G47,2025-12-15,0,1,0
G47,2025-12-16,1,0,0
G47,2025-12-17,1,0,0
G47,2025-12-18,1,0,0
G47,2025-12-19,0,1,0
G47,2025-12-20,0,0,0
G47,2025-12-21,0,0,0
G47,2025-12-22,0,0,0
G47,2025-12-23,1,1,1
G47,2025-12-24,0,0,0
G47,2025-12-25,0,0,1
G47,2025-12-26,1,1,1
G47,2025-12-27,1,1,0
G47,2025-12-28,0,0,1
G47,2025-12-29,0,1,1
G47,2025-12-30,1,1,1
G47,2025-12-31,1,0,0
G48,2025-12-01,0,1,0
G48,2025-12-02,0,1,1
G48,2025-12-03,0,1,0
G48,2025-12-04,0,0,0
G48,2025-12-05,1,0,0
G48,2025-12-06,1,1,1
G48,2025-12-07,1,0,0
G48,2025-12-08,0,0,0
G48,2025-12-09,1,0,1
G48,2025-12-10,1,0,1
G48,2025-12-11,1,1,0
G48,2025-12-12,0,0,0
G48,2025-12-13,0,1,1
G48,2025-12-14,0,0,0
G48,2025-12-15,0,1,1
G48,2025-12-16,1,0,0
G48,2025-12-17,1,0,0
G48,2025-12-18,1,0,1
G48,2025-12-19,1,1,1
G48,2025-12-20,1,1,1
G48,2025-12-21,0,1,0
G48,2025-12-22,0,1,0
G48,2025-12-23,1,1,0
G48,2025-12-24,0,0,0
G48,2025-12-25,1,0,1
G48,2025-12-26,0,0,0
G48,2025-12-27,1,1,1
G48,2025-12-28,1,0,1
G48,2025-12-29,0,0,0
G48,2025-12-30,0,1,1
G48,2025-12-31,0,0,0
G49,2025-12-01,1,0,0
G49,2025-12-02,1,0,1
G49,2025-12-03,1,1,0
G49,2025-12-04,0,0,0
G49,2025-12-05,1,1,1
G49,2025-12-06,0,1,1
G49,2025-12-07,0,1,1
G49,2025-12-08,0,0,0
G49,2025-12-09,0,0,0
G49,2025-12-10,1,1,1
G49,2025-12-11,1,1,1
G49,2025-12-12,1,1,1
G49,2025-12-13,0,0,1
G49,2025-12-14,0,0,0
G49,2025-12-15,1,0,0
G49,2025-12-16,1,1,1
G49,2025-12-17,1,0,0
G49,2025-12-18,0,0,1
G49,2025-12-19,0,0,0
G49,2025-12-20,0,0,0
G49,2025-12-21,1,1,0
G49,2025-12-22,1,1,1
G49,2025-12-23,1,1,0
G49,2025-12-24,0,0,0
G49,2025-12-25,0,0,0
G49,2025-12-26,0,1,1
G49,2025-12-27,1,0,0
G49,2025-12-28,1,1,1
G49,2025-12-29,1,1,0
G49,2025-12-30,0,1,1
G49,2025-12-31,0,0,1
G50,2025-12-01,1,0,0
G50,2025-12-02,1,1,0
G50,2025-12-03,1,1,1
G50,2025-12-04,1,1,1
G50,2025-12-05,0,0,0
G50,2025-12-06,1,1,1
G50,2025-12-07,0,1,1
G50,2025-12-08,1,0,0
G50,2025-12-09,0,0,0
G50,2025-12-10,0,0,0
G50,2025-12-11,1,0,1
G50,2025-12-12,0,0,1
G50,2025-12-13,0,0,0
G50,2025-12-14,0,0,0
G50,2025-12-15,1,0,1
G50,2025-12-16,1,1,1
G50,2025-12-17,1,1,1
G50,2025-12-18,0,0,0
G50,2025-12-19,0,1,1
G50,2025-12-20,0,0,0
G50,2025-12-21,0,1,1
G50,2025-12-22,0,1,1
G50,2025-12-23,1,1,0
G50,2025-12-24,0,1,0
G50,2025-12-25,0,0,0
G50,2025-12-26,1,1,1
G50,2025-12-27,1,0,0
G50,2025-12-28,1,0,0
G50,2025-12-29,1,0,0
G50,2025-12-30,1,1,1
G50,2025-12-31,1,0,0
G51,2025-12-01,1,0,1
G51,2025-12-02,1,1,1
G51,2025-12-03,0,0,0
G51,2025-12-04,0,0,0
G51,2025-12-05,1,1,1
G51,2025-12-06,0,1,1
G51,2025-12-07,1,1,0
G51,2025-12-08,0,1,0
G51,2025-12-09,0,0,0
G51,2025-12-10,1,1,0
G51,2025-12-11,1,1,0
G51,2025-12-12,0,1,1
G51,2025-12-13,0,0,0
G51,2025-12-14,0,0,0
G51,2025-12-15,0,0,0
G51,2025-12-16,0,0,0
G51,2025-12-17,0,1,1
G51,2025-12-18,0,0,0
G51,2025-12-19,0,0,0
G51,2025-12-20,0,1,0
G51,2025-12-21,1,1,1
G51,2025-12-22,1,1,1
G51,2025-12-23,0,0,0
G51,2025-12-24,1,1,1
G51,2025-12-25,0,1,0
G51,2025-12-26,1,1,1
G51,2025-12-27,0,0,1
G51,2025-12-28,1,1,0
G51,2025-12-29,1,1,1
G51,2025-12-30,1,0,1
G51,2025-12-31,1,0,0
G52,2025-12-01,0,0,0
G52,2025-12-02,0,0,0
G52,2025-12-03,0,0,0
G52,2025-12-04,0,0,0
G52,2025-12-05,1,1,0
G52,2025-12-06,1,0,1
G52,2025-12-07,0,0,0
G52,2025-12-08,1,1,0
G52,2025-12-09,1,1,1
G52,2025-12-10,0,1,0
G52,2025-12-11,0,1,1
G52,2025-12-12,1,1,0
G52,2025-12-13,1,1,1
G52,2025-12-14,1,1,1
G52,2025-12-15,1,0,1
G52,2025-12-16,1,0,0
G52,2025-12-17,0,0,1
G52,2025-12-18,0,0,0
G52,2025-12-19,1,1,1
G52,2025-12-20,0,0,0
G52,2025-12-21,0,0,0
G52,2025-12-22,1,1,1
G52,2025-12-23,0,0,0
G52,2025-12-24,1,1,0
G52,2025-12-25,1,1,1
G52,2025-12-26,0,0,0
G52,2025-12-27,0,0,0
G52,2025-12-28,1,1,1
G52,2025-12-29,1,1,1
G52,2025-12-30,0,0,0
G52,2025-12-31,1,1,1
G53,2025-12-01,1,1,1
G53,2025-12-02,0,0,0
G53,2025-12-03,0,1,1
G53,2025-12-04,1,0,0
G53,2025-12-05,1,1,1
G53,2025-12-06,1,1,1
G53,2025-12-07,0,1,0
G53,2025-12-08,0,0,0
G53,2025-12-09,1,1,1
G53,2025-12-10,0,0,0
G53,2025-12-11,1,1,1
G53,2025-12-12,0,0,0
G53,2025-12-13,0,0,0
G53,2025-12-14,1,0,1
G53,2025-12-15,0,0,0
G53,2025-12-16,0,1,0
G53,2025-12-17,0,0,0
G53,2025-12-18,1,0,1
G53,2025-12-19,0,1,1
G53,2025-12-20,0,1,1
G53,2025-12-21,1,0,1
G53,2025-12-22,1,0,0
G53,2025-12-23,1,0,0
G53,2025-12-24,1,1,1
G53,2025-12-25,0,0,0
G53,2025-12-26,1,0,0
G53,2025-12-27,0,1,0
G53,2025-12-28,0,0,0
G53,2025-12-29,0,0,1
G53,2025-12-30,1,0,0
G53,2025-12-31,1,0,0
G54,2025-12-01,0,0,0
G54,2025-12-02,0,0,0
G54,2025-12-03,1,0,0
G54,2025-12-04,0,0,0
G54,2025-12-05,1,0,1
G54,2025-12-06,1,1,1
G54,2025-12-07,0,0,1
G54,2025-12-08,0,1,0
G54,2025-12-09,0,0,0
G54,2025-12-10,1,0,0
G54,2025-12-11,0,0,0
G54,2025-12-12,0,0,0
G54,2025-12-13,0,0,1
G54,2025-12-14,0,1,0
G54,2025-12-15,0,1,0
G54,2025-12-16,0,1,0
G54,2025-12-17,1,0,0
G54,2025-12-18,0,1,1
G54,2025-12-19,1,1,1
G54,2025-12-20,1,0,1
G54,2025-12-21,0,0,1
G54,2025-12-22,1,1,0
G54,2025-12-23,1,0,1
G54,2025-12-24,0,0,0
G54,2025-12-25,0,0,0
G54,2025-12-26,0,0,0
G54,2025-12-27,1,1,1
G54,2025-12-28,0,0,0
G54,2025-12-29,1,0,0
G54,2025-12-30,0,0,0
G54,2025-12-31,0,0,1
G55,2025-12-01,0,0,0
G55,2025-12-02,0,1,0
G55,2025-12-03,0,0,1
G55,2025-12-04,1,1,1
G55,2025-12-05,0,0,1
G55,2025-12-06,1,1,1
G55,2025-12-07,0,0,0
G55,2025-12-08,0,0,0
G55,2025-12-09,1,1,1
G55,2025-12-10,0,0,0
G55,2025-12-11,0,0,1
G55,2025-12-12,1,1,1
G55,2025-12-13,0,0,0
G55,2025-12-14,0,0,0
G55,2025-12-15,0,0,0
G55,2025-12-16,1,1,0
G55,2025-12-17,0,0,1
G55,2025-12-18,1,0,0
G55,2025-12-19,0,1,1
G55,2025-12-20,1,1,0
G55,2025-12-21,1,1,1
G55,2025-12-22,1,0,1
G55,2025-12-23,0,0,0
G55,2025-12-24,0,0,0
G55,2025-12-25,0,0,0
G55,2025-12-26,1,0,1
G55,2025-12-27,0,0,0
G55,2025-12-28,0,0,0
G55,2025-12-29,1,1,0
G55,2025-12-30,1,0,0
G55,2025-12-31,1,1,0
G56,2025-12-01,0,0,0
G56,2025-12-02,1,1,1
G56,2025-12-03,1,1,1
G56,2025-12-04,1,1,0
G56,2025-12-05,0,0,0
G56,2025-12-06,1,1,1
G56,2025-12-07,0,0,0
G56,2025-12-08,0,0,0
G56,2025-12-09,0,0,0
G56,2025-12-10,0,1,0
G56,2025-12-11,1,0,0
G56,2025-12-12,0,0,0
G56,2025-12-13,0,0,0
G56,2025-12-14,0,0,0
G56,2025-12-15,1,1,1
G56,2025-12-16,1,1,1
G56,2025-12-17,1,1,1
G56,2025-12-18,1,1,0
G56,2025-12-19,1,0,0
G56,2025-12-20,1,1,1
G56,2025-12-21,0,0,1
G56,2025-12-22,1,0,1
G56,2025-12-23,0,0,1
G56,2025-12-24,1,1,1
G56,2025-12-25,1,0,1
G56,2025-12-26,0,1,0
G56,2025-12-27,0,1,1
G56,2025-12-28,0,0,0
G56,2025-12-29,0,0,0
G56,2025-12-30,1,1,1
G56,2025-12-31,1,1,0
G57,2025-12-01,1,0,1
G57,2025-12-02,1,1,1
G57,2025-12-03,1,1,1
G57,2025-12-04,1,1,1
G57,2025-12-05,0,0,0
G57,2025-12-06,1,0,1
G57,2025-12-07,0,0,0
G57,2025-12-08,0,0,1
G57,2025-12-09,0,0,1
G57,2025-12-10,1,0,1
G57,2025-12-11,0,1,1
G57,2025-12-12,0,1,0
G57,2025-12-13,1,1,1
G57,2025-12-14,1,1,1
G57,2025-12-15,0,0,1
G57,2025-12-16,0,1,0
G57,2025-12-17,0,1,1
G57,2025-12-18,1,1,0
G57,2025-12-19,1,0,0
G57,2025-12-20,1,1,1
G57,2025-12-21,0,0,1
G57,2025-12-22,0,0,0
G57,2025-12-23,0,0,1
G57,2025-12-24,1,0,0
G57,2025-12-25,1,1,1
G57,2025-12-26,1,0,0
G57,2025-12-27,1,0,1
G57,2025-12-28,1,1,0
G57,2025-12-29,1,1,1
G57,2025-12-30,1,1,0
G57,2025-12-31,0,0,1
G58,2025-12-01,0,0,0
G58,2025-12-02,1,1,1
G58,2025-12-03,0,0,0
G58,2025-12-04,1,1,1
G58,2025-12-05,1,0,1
G58,2025-12-06,1,1,1
G58,2025-12-07,0,0,0
G58,2025-12-08,0,1,1
G58,2025-12-09,1,1,0
G58,2025-12-10,1,1,0
G58,2025-12-11,0,1,1
G58,2025-12-12,0,0,0
G58,2025-12-13,1,1,0
G58,2025-12-14,0,1,1
G58,2025-12-15,0,0,0
G58,2025-12-16,0,0,0
G58,2025-12-17,1,1,1
G58,2025-12-18,0,1,0
G58,2025-12-19,1,0,0
G58,2025-12-20,1,0,1
G58,2025-12-21,0,0,0
G58,2025-12-22,0,0,1
G58,2025-12-23,1,1,0
G58,2025-12-24,1,0,1
G58,2025-12-25,1,1,1
G58,2025-12-26,0,0,0
G58,2025-12-27,1,1,1
G58,2025-12-28,1,0,0
G58,2025-12-29,0,0,0
G58,2025-12-30,0,0,0
G58,2025-12-31,1,1,1
G59,2025-12-01,0,0,0
G59,2025-12-02,0,0,0
G59,2025-12-03,1,0,0
G59,2025-12-04,1,1,0
G59,2025-12-05,0,0,0
G59,2025-12-06,1,1,0
G59,2025-12-07,0,0,0
G59,2025-12-08,0,0,0
G59,2025-12-09,1,1,1
G59,2025-12-10,0,0,0
G59,2025-12-11,1,1,0
G59,2025-12-12,0,0,0
G59,2025-12-13,1,1,1
G59,2025-12-14,0,1,1
G59,2025-12-15,1,0,0
G59,2025-12-16,0,1,0
G59,2025-12-17,0,1,0
G59,2025-12-18,1,1,1
G59,2025-12-19,0,0,1
G59,2025-12-20,0,1,1
G59,2025-12-21,0,0,0
G59,2025-12-22,1,1,0
G59,2025-12-23,1,1,0
G59,2025-12-24,0,0,0
G59,2025-12-25,1,1,1
G59,2025-12-26,0,0,0
G59,2025-12-27,1,0,0
G59,2025-12-28,1,0,1
G59,2025-12-29,0,0,1
G59,2025-12-30,0,1,1
G59,2025-12-31,0,1,0
G60,2025-12-01,0,1,1
G60,2025-12-02,1,0,0
G60,2025-12-03,1,1,1
G60,2025-12-04,1,0,1
G60,2025-12-05,1,0,1
G60,2025-12-06,0,0,0
G60,2025-12-07,1,1,0
G60,2025-12-08,1,1,1
G60,2025-12-09,0,1,1
G60,2025-12-10,1,1,1
G60,2025-12-11,1,0,0
G60,2025-12-12,0,1,0
G60,2025-12-13,0,1,0
G60,2025-12-14,0,0,0
G60,2025-12-15,0,0,1
G60,2025-12-16,1,0,1
G60,2025-12-17,0,0,0
G60,2025-12-18,0,0,0
G60,2025-12-19,1,1,1
G60,2025-12-20,0,0,0
G60,2025-12-21,1,1,1
G60,2025-12-22,0,0,0
G60,2025-12-23,1,1,1
G60,2025-12-24,1,1,1
G60,2025-12-25,1,0,0
G60,2025-12-26,1,0,0
G60,2025-12-27,0,1,1
G60,2025-12-28,1,1,1
G60,2025-12-29,1,0,1
G60,2025-12-30,0,0,0
G60,2025-12-31,1,1,1
G61,2025-12-01,1,1,0
G61,2025-12-02,1,0,1
G61,2025-12-03,1,1,0
G61,2025-12-04,1,1,1
G61,2025-12-05,0,0,0
G61,2025-12-06,0,0,0
G61,2025-12-07,1,0,1
G61,2025-12-08,0,0,0
G61,2025-12-09,0,0,1
G61,2025-12-10,0,1,0
G61,2025-12-11,0,0,1
G61,2025-12-12,0,0,0
G61,2025-12-13,1,1,1
G61,2025-12-14,0,1,1
G61,2025-12-15,0,0,0
G61,2025-12-16,0,0,0
G61,2025-12-17,1,0,0
G61,2025-12-18,0,1,0
G61,2025-12-19,1,1,1
G61,2025-12-20,0,1,1
G61,2025-12-21,0,0,0
G61,2025-12-22,1,1,1
G61,2025-12-23,0,0,1
G61,2025-12-24,1,1,1
G61,2025-12-25,0,1,1
G61,2025-12-26,1,0,1
G61,2025-12-27,1,0,0
G61,2025-12-28,1,1,1
G61,2025-12-29,0,1,1
G61,2025-12-30,1,0,0
G61,2025-12-31,1,1,1
G62,2025-12-01,1,1,1
G62,2025-12-02,0,0,0
G62,2025-12-03,0,0,1
G62,2025-12-04,1,0,1
G62,2025-12-05,0,1,0
G62,2025-12-06,1,1,1
G62,2025-12-07,0,1,1
G62,2025-12-08,0,0,0
G62,2025-12-09,0,0,0
G62,2025-12-10,1,1,1
G62,2025-12-11,1,1,0
G62,2025-12-12,1,0,1
G62,2025-12-13,0,0,0
G62,2025-12-14,0,0,0
G62,2025-12-15,1,1,1
G62,2025-12-16,1,1,0
G62,2025-12-17,0,0,0
G62,2025-12-18,1,0,0
G62,2025-12-19,0,0,0
G62,2025-12-20,0,0,0
G62,2025-12-21,0,1,1
G62,2025-12-22,0,0,0
G62,2025-12-23,0,0,0
G62,2025-12-24,0,0,1
G62,2025-12-25,1,0,0
G62,2025-12-26,1,1,1
G62,2025-12-27,0,0,0
G62,2025-12-28,0,1,0
G62,2025-12-29,0,0,0
G62,2025-12-30,1,1,1
G62,2025-12-31,1,1,1
G63,2025-12-01,1,1,1
G63,2025-12-02,1,1,1
G63,2025-12-03,1,0,1
G63,2025-12-04,1,1,1
G63,2025-12-05,0,0,0
G63,2025-12-06,1,1,0
G63,2025-12-07,0,0,0
G63,2025-12-08,0,1,1
G63,2025-12-09,0,0,0
G63,2025-12-10,1,0,0
G63,2025-12-11,1,1,1
G63,2025-12-12,1,1,1
G63,2025-12-13,0,0,0
G63,2025-12-14,0,1,0
G63,2025-12-15,0,1,1
G63,2025-12-16,0,1,0
G63,2025-12-17,0,0,1
G63,2025-12-18,1,1,0
G63,2025-12-19,0,0,0
G63,2025-12-20,0,0,0
G63,2025-12-21,0,0,0
G63,2025-12-22,0,1,0
G63,2025-12-23,1,1,1
G63,2025-12-24,1,1,0
G63,2025-12-25,1,0,1
G63,2025-12-26,0,1,1
G63,2025-12-27,0,0,0
G63,2025-12-28,1,1,1
G63,2025-12-29,0,0,0
G63,2025-12-30,1,1,0
G63,2025-12-31,0,0,0
G64,2025-12-01,0,0,0
G64,2025-12-02,0,0,0
G64,2025-12-03,0,0,0
G64,2025-12-04,0,1,0
G64,2025-12-05,1,1,0
G64,2025-12-06,0,1,0
G64,2025-12-07,0,0,0
G64,2025-12-08,1,0,1
G64,2025-12-09,1,1,1
G64,2025-12-10,1,1,0
G64,2025-12-11,0,0,1
G64,2025-12-12,0,0,0
G64,2025-12-13,1,1,1
G64,2025-12-14,0,0,1
G64,2025-12-15,0,1,0
G64,2025-12-16,0,1,0
G64,2025-12-17,1,1,1
G64,2025-12-18,1,1,1
G64,2025-12-19,1,1,0
G64,2025-12-20,0,1,1
G64,2025-12-21,0,0,0
G64,2025-12-22,0,1,1
G64,2025-12-23,1,0,1
G64,2025-12-24,1,0,0
G64,2025-12-25,1,1,0
G64,2025-12-26,0,0,0
G64,2025-12-27,1,1,1
G64,2025-12-28,0,0,0
G64,2025-12-29,0,0,1
G64,2025-12-30,0,1,0
G64,2025-12-31,0,1,0
G65,2025-12-01,0,0,1
G65,2025-12-02,0,0,1
G65,2025-12-03,1,1,0
G65,2025-12-04,0,1,0
G65,2025-12-05,1,1,1
G65,2025-12-06,0,1,1
G65,2025-12-07,0,1,0
G65,2025-12-08,1,1,0
G65,2025-12-09,1,0,0
G65,2025-12-10,1,1,0
G65,2025-12-11,0,0,0
G65,2025-12-12,0,1,0
G65,2025-12-13,1,0,1
G65,2025-12-14,0,1,1
G65,2025-12-15,1,1,1
G65,2025-12-16,1,1,1
G65,2025-12-17,1,1,1
G65,2025-12-18,0,0,0
G65,2025-12-19,0,0,0
G65,2025-12-20,1,0,1
G65,2025-12-21,0,0,1
G65,2025-12-22,1,1,1
G65,2025-12-23,1,0,0
G65,2025-12-24,1,1,1
G65,2025-12-25,0,0,0
G65,2025-12-26,0,0,0
G65,2025-12-27,0,0,0
G65,2025-12-28,0,0,1
G65,2025-12-29,1,1,0
G65,2025-12-30,0,1,1
G65,2025-12-31,0,0,1
G66,2025-12-01,1,1,1
G66,2025-12-02,0,0,1
G66,2025-12-03,0,0,0
G66,2025-12-04,1,1,1
G66,2025-12-05,1,1,1
G66,2025-12-06,0,1,0
G66,2025-12-07,0,0,0
G66,2025-12-08,0,1,1
G66,2025-12-09,1,1,0
G66,2025-12-10,1,0,1
G66,2025-12-11,0,0,0
G66,2025-12-12,1,1,1
G66,2025-12-13,0,1,1
G66,2025-12-14,0,0,0
G66,2025-12-15,0,0,0
G66,2025-12-16,1,0,0
G66,2025-12-17,0,0,0
G66,2025-12-18,0,0,0
G66,2025-12-19,0,0,0
G66,2025-12-20,0,0,0
G66,2025-12-21,0,0,1
G66,2025-12-22,0,1,1
G66,2025-12-23,1,1,1
G66,2025-12-24,0,1,0
G66,2025-12-25,1,1,1
G66,2025-12-26,0,1,0
G66,2025-12-27,0,0,0
G66,2025-12-28,0,0,0
G66,2025-12-29,0,0,0
G66,2025-12-30,1,1,1
G66,2025-12-31,1,0,0
G67,2025-12-01,1,0,1
G67,2025-12-02,0,0,0
G67,2025-12-03,1,0,1
G67,2025-12-04,0,0,0
G67,2025-12-05,0,0,0
G67,2025-12-06,0,0,1
G67,2025-12-07,1,1,1
G67,2025-12-08,1,0,0
G67,2025-12-09,0,0,0
G67,2025-12-10,0,0,0
G67,2025-12-11,0,0,0
G67,2025-12-12,1,0,0
G67,2025-12-13,0,0,1
G67,2025-12-14,0,0,0
G67,2025-12-15,0,0,0
G67,2025-12-16,0,1,1
G67,2025-12-17,1,1,1
G67,2025-12-18,0,0,1
G67,2025-12-19,1,1,1
G67,2025-12-20,0,0,0
G67,2025-12-21,0,0,0
G67,2025-12-22,0,0,0
G67,2025-12-23,0,1,0
G67,2025-12-24,1,1,1
G67,2025-12-25,1,0,1
G67,2025-12-26,0,0,0
G67,2025-12-27,0,1,0
G67,2025-12-28,1,0,1
G67,2025-12-29,0,0,0
G67,2025-12-30,0,0,0
G67,2025-12-31,1,1,1
G68,2025-12-01,1,0,0
G68,2025-12-02,1,1,0
G68,2025-12-03,1,0,1
G68,2025-12-04,0,1,0
G68,2025-12-05,0,1,0
G68,2025-12-06,1,1,1
G68,2025-12-07,1,0,0
G68,2025-12-08,1,1,1
G68,2025-12-09,0,0,0
G68,2025-12-10,0,0,0
G68,2025-12-11,1,1,0
G68,2025-12-12,0,0,0
G68,2025-12-13,1,1,1
G68,2025-12-14,0,0,0
G68,2025-12-15,0,1,0
G68,2025-12-16,1,0,0
G68,2025-12-17,1,1,1
G68,2025-12-18,0,0,0
G68,2025-12-19,1,0,0
G68,2025-12-20,0,0,0
G68,2025-12-21,0,1,0
G68,2025-12-22,1,0,0
G68,2025-12-23,1,1,0
G68,2025-12-24,1,1,1
G68,2025-12-25,1,1,0
G68,2025-12-26,1,1,1
G68,2025-12-27,1,1,1
G68,2025-12-28,0,0,0
G68,2025-12-29,0,0,0
G68,2025-12-30,1,1,1
G68,2025-12-31,1,0,1
G69,2025-12-01,0,0,1
G69,2025-12-02,1,0,0
G69,2025-12-03,0,1,1
G69,2025-12-04,1,0,0
G69,2025-12-05,1,0,0
G69,2025-12-06,0,0,0
G69,2025-12-07,0,0,1
G69,2025-12-08,1,1,0
G69,2025-12-09,0,1,1
G69,2025-12-10,0,1,1
G69,2025-12-11,0,1,1
G69,2025-12-12,0,0,0
G69,2025-12-13,0,0,0
G69,2025-12-14,1,1,0
G69,2025-12-15,1,1,1
G69,2025-12-16,1,0,0
G69,2025-12-17,0,0,0
G69,2025-12-18,0,1,0
G69,2025-12-19,0,0,0
G69,2025-12-20,1,1,1
G69,2025-12-21,0,1,1
G69,2025-12-22,0,0,0
G69,2025-12-23,0,0,0
G69,2025-12-24,1,1,1
G69,2025-12-25,0,1,0
G69,2025-12-26,0,0,0
G69,2025-12-27,0,0,0
G69,2025-12-28,1,1,0
G69,2025-12-29,1,1,1
G69,2025-12-30,1,1,0
G69,2025-12-31,1,1,1
G70,2025-12-01,1,1,0
G70,2025-12-02,0,1,0
G70,2025-12-03,0,1,0
G70,2025-12-04,0,1,0
G70,2025-12-05,1,0,0
G70,2025-12-06,0,0,1
G70,2025-12-07,1,1,1
G70,2025-12-08,0,1,1
G70,2025-12-09,0,0,0
G70,2025-12-10,0,0,0
G70,2025-12-11,0,0,0
G70,2025-12-12,0,0,0
G70,2025-12-13,1,1,1
G70,2025-12-14,1,1,0
G70,2025-12-15,1,0,0
G70,2025-12-16,1,1,1
G70,2025-12-17,1,1,1
G70,2025-12-18,1,0,0
G70,2025-12-19,0,0,0
G70,2025-12-20,0,0,0
G70,2025-12-21,0,0,0
G70,2025-12-22,0,0,1
G70,2025-12-23,1,1,1
G70,2025-12-24,1,0,0
G70,2025-12-25,0,0,0
G70,2025-12-26,0,0,0
G70,2025-12-27,0,0,0
G70,2025-12-28,1,0,1
G70,2025-12-29,0,0,1
G70,2025-12-30,0,0,0
G70,2025-12-31,1,0,0
G71,2025-12-01,1,1,1
G71,2025-12-02,0,0,1
G71,2025-12-03,1,1,1
G71,2025-12-04,0,1,1
G71,2025-12-05,0,0,0
G71,2025-12-06,0,0,1
G71,2025-12-07,0,0,0
G71,2025-12-08,0,0,0
G71,2025-12-09,0,0,0
G71,2025-12-10,1,0,0
G71,2025-12-11,1,1,1
G71,2025-12-12,0,0,0
G71,2025-12-13,0,0,0
G71,2025-12-14,1,1,1
G71,2025-12-15,0,0,0
G71,2025-12-16,0,1,1
G71,2025-12-17,1,1,0
G71,2025-12-18,1,1,1
G71,2025-12-19,0,0,0
G71,2025-12-20,0,1,0
G71,2025-12-21,0,1,1
G71,2025-12-22,0,0,0
G71,2025-12-23,0,0,1
G71,2025-12-24,0,1,0
G71,2025-12-25,0,1,0
G71,2025-12-26,0,0,0
G71,2025-12-27,1,1,1
G71,2025-12-28,0,1,0
G71,2025-12-29,1,1,1
G71,2025-12-30,1,1,1
G71,2025-12-31,1,1,1
G72,2025-12-01,1,0,1
G72,2025-12-02,1,1,0
G72,2025-12-03,0,0,0
G72,2025-12-04,0,0,0
G72,2025-12-05,1,1,1
G72,2025-12-06,1,1,1
G72,2025-12-07,0,1,1
G72,2025-12-08,1,1,1
G72,2025-12-09,0,1,0
G72,2025-12-10,1,0,0
G72,2025-12-11,0,0,0
G72,2025-12-12,0,0,0
G72,2025-12-13,0,0,0
G72,2025-12-14,0,0,0
G72,2025-12-15,0,0,1
G72,2025-12-16,1,1,1
G72,2025-12-17,1,1,0
G72,2025-12-18,0,0,0
G72,2025-12-19,0,0,0
G72,2025-12-20,1,0,1
G72,2025-12-21,0,0,0
G72,2025-12-22,1,1,0
G72,2025-12-23,1,1,1
G72,2025-12-24,0,1,1
G72,2025-12-25,1,0,0
G72,2025-12-26,0,1,0
G72,2025-12-27,1,1,1
G72,2025-12-28,1,1,1
G72,2025-12-29,0,1,1
G72,2025-12-30,1,1,1
G72,2025-12-31,0,1,1
G73,2025-12-01,0,1,1
G73,2025-12-02,0,0,0
G73,2025-12-03,1,0,0
G73,2025-12-04,0,0,0
G73,2025-12-05,0,0,0
G73,2025-12-06,0,0,1
G73,2025-12-07,0,1,1
G73,2025-12-08,0,0,0
G73,2025-12-09,1,1,0
G73,2025-12-10,0,0,0
G73,2025-12-11,1,1,0
G73,2025-12-12,1,1,1
G73,2025-12-13,1,1,1
G73,2025-12-14,0,0,0
G73,2025-12-15,0,0,0
G73,2025-12-16,0,0,0
G73,2025-12-17,1,1,0
G73,2025-12-18,1,1,1
G73,2025-12-19,0,0,1
G73,2025-12-20,0,0,1
G73,2025-12-21,0,0,0
G73,2025-12-22,0,0,0
G73,2025-12-23,1,1,1
G73,2025-12-24,0,1,1
G73,2025-12-25,1,0,1
G73,2025-12-26,1,1,0
G73,2025-12-27,0,1,1
G73,2025-12-28,0,0,0
G73,2025-12-29,1,1,1
G73,2025-12-30,0,0,0
G73,2025-12-31,0,0,0
G74,2025-12-01,1,0,0
G74,2025-12-02,0,0,0
G74,2025-12-03,0,1,0
G74,2025-12-04,1,1,1
G74,2025-12-05,1,1,0
G74,2025-12-06,0,1,1
G74,2025-12-07,0,1,0
G74,2025-12-08,1,1,1
G74,2025-12-09,0,0,0
G74,2025-12-10,0,1,1
G74,2025-12-11,0,0,1
G74,2025-12-12,0,0,0
G74,2025-12-13,1,1,1
G74,2025-12-14,0,1,1
G74,2025-12-15,0,0,0
G74,2025-12-16,0,0,0
G74,2025-12-17,1,0,0
G74,2025-12-18,0,1,0
G74,2025-12-19,1,1,1
G74,2025-12-20,0,0,0
G74,2025-12-21,0,0,0
G74,2025-12-22,0,0,0
G74,2025-12-23,1,0,0
G74,2025-12-24,1,1,1
G74,2025-12-25,0,0,0
G74,2025-12-26,0,0,0
G74,2025-12-27,0,0,0
G74,2025-12-28,1,1,1
G74,2025-12-29,0,1,0
G74,2025-12-30,1,1,1
G74,2025-12-31,0,1,1
G75,2025-12-01,0,1,1
G75,2025-12-02,0,0,0
G75,2025-12-03,0,1,1
G75,2025-12-04,0,0,0
G75,2025-12-05,0,1,0
G75,2025-12-06,1,0,1
G75,2025-12-07,1,1,0
G75,2025-12-08,0,1,1
G75,2025-12-09,0,0,0
G75,2025-12-10,1,1,1
G75,2025-12-11,1,1,0
G75,2025-12-12,1,1,1
G75,2025-12-13,0,0,1
G75,2025-12-14,0,1,1
G75,2025-12-15,1,1,1
G75,2025-12-16,0,0,1
G75,2025-12-17,0,0,0
G75,2025-12-18,0,0,0
G75,2025-12-19,1,1,1
G75,2025-12-20,1,0,0
G75,2025-12-21,1,1,0
G75,2025-12-22,0,0,1
G75,2025-12-23,1,1,1
G75,2025-12-24,1,1,1
G75,2025-12-25,1,0,0
G75,2025-12-26,1,0,1
G75,2025-12-27,0,0,1
G75,2025-12-28,1,1,1
G75,2025-12-29,0,0,1
G75,2025-12-30,0,0,0
G75,2025-12-31,0,0,0
G76,2025-12-01,1,0,1
G76,2025-12-02,1,1,0
G76,2025-12-03,0,0,0
G76,2025-12-04,1,0,0
G76,2025-12-05,1,0,0
G76,2025-12-06,0,1,0
G76,2025-12-07,0,0,1
G76,2025-12-08,0,0,1
G76,2025-12-09,0,0,0
G76,2025-12-10,0,1,1
G76,2025-12-11,0,1,1
G76,2025-12-12,1,0,0
G76,2025-12-13,1,1,1
G76,2025-12-14,1,1,0
G76,2025-12-15,1,1,0
G76,2025-12-16,0,0,1
G76,2025-12-17,1,1,1
G76,2025-12-18,1,1,0
G76,2025-12-19,0,0,0
G76,2025-12-20,1,1,1
G76,2025-12-21,1,1,1
G76,2025-12-22,1,1,1
G76,2025-12-23,0,0,1
G76,2025-12-24,0,0,1
G76,2025-12-25,0,0,0
G76,2025-12-26,1,0,0
G76,2025-12-27,1,0,0
G76,2025-12-28,1,1,1
G76,2025-12-29,0,0,0
G76,2025-12-30,1,1,0
G76,2025-12-31,0,0,0
G77,2025-12-01,0,0,0
G77,2025-12-02,1,0,0
G77,2025-12-03,0,1,0
G77,2025-12-04,0,0,0
G77,2025-12-05,0,0,0
G77,2025-12-06,0,0,0
G77,2025-12-07,0,0,0
G77,2025-12-08,0,1,1
G77,2025-12-09,0,1,1
G77,2025-12-10,0,0,0
G77,2025-12-11,0,1,0
G77,2025-12-12,0,0,0
G77,2025-12-13,0,0,0
G77,2025-12-14,1,1,1
G77,2025-12-15,0,0,0
G77,2025-12-16,1,1,1
G77,2025-12-17,1,0,0
G77,2025-12-18,0,0,0
G77,2025-12-19,0,1,0
G77,2025-12-20,0,0,0
G77,2025-12-21,0,1,1
G77,2025-12-22,1,0,0
G77,2025-12-23,0,0,1
G77,2025-12-24,0,0,0
G77,2025-12-25,0,0,0
G77,2025-12-26,1,1,0
G77,2025-12-27,0,0,0
G77,2025-12-28,1,1,1
G77,2025-12-29,1,1,1
G77,2025-12-30,1,1,1
G77,2025-12-31,0,1,0
G78,2025-12-01,0,0,0
G78,2025-12-02,0,0,0
G78,2025-12-03,0,0,0
G78,2025-12-04,1,1,0
G78,2025-12-05,0,0,1
G78,2025-12-06,0,0,0
G78,2025-12-07,1,1,1
G78,2025-12-08,0,1,0
G78,2025-12-09,0,0,0
G78,2025-12-10,0,0,0
G78,2025-12-11,0,0,0
G78,2025-12-12,0,0,0
G78,2025-12-13,1,1,1
G78,2025-12-14,1,0,0
G78,2025-12-15,0,1,1
G78,2025-12-16,1,1,1
G78,2025-12-17,0,0,0
G78,2025-12-18,1,0,1
G78,2025-12-19,0,1,0
G78,2025-12-20,0,0,0
G78,2025-12-21,1,1,1
G78,2025-12-22,1,0,0
G78,2025-12-23,1,1,1
G78,2025-12-24,0,0,0
G78,2025-12-25,0,0,0
G78,2025-12-26,0,1,1
G78,2025-12-27,0,0,1
G78,2025-12-28,0,0,1
G78,2025-12-29,1,0,1
G78,2025-12-30,1,1,1
G78,2025-12-31,0,0,0
G79,2025-12-01,1,1,0
G79,2025-12-02,0,0,1
G79,2025-12-03,1,0,0
G79,2025-12-04,1,1,1
G79,2025-12-05,0,1,0
G79,2025-12-06,0,0,0
G79,2025-12-07,0,0,0
G79,2025-12-08,1,1,1
G79,2025-12-09,1,0,1
G79,2025-12-10,0,0,1
G79,2025-12-11,1,1,1
G79,2025-12-12,1,0,1
G79,2025-12-13,0,0,0
G79,2025-12-14,0,0,0
G79,2025-12-15,1,1,1
G79,2025-12-16,1,1,1
G79,2025-12-17,0,0,0
G79,2025-12-18,0,0,1
G79,2025-12-19,1,0,1
G79,2025-12-20,1,0,1
G79,2025-12-21,0,0,0
G79,2025-12-22,0,0,0
G79,2025-12-23,0,0,0
G79,2025-12-24,0,1,0
G79,2025-12-25,1,1,1
G79,2025-12-26,1,0,1
G79,2025-12-27,0,1,1
G79,2025-12-28,1,1,1
G79,2025-12-29,0,0,0
G79,2025-12-30,1,0,0
G79,2025-12-31,0,0,0
G80,2025-12-01,1,0,1
G80,2025-12-02,0,0,0
G80,2025-12-03,0,1,0
G80,2025-12-04,0,1,1
G80,2025-12-05,1,1,1
G80,2025-12-06,1,1,1
G80,2025-12-07,0,1,0
G80,2025-12-08,0,0,0
G80,2025-12-09,0,1,0
G80,2025-12-10,0,1,1
G80,2025-12-11,0,1,1
G80,2025-12-12,1,0,0
G80,2025-12-13,0,0,0
G80,2025-12-14,0,0,0
G80,2025-12-15,1,1,1
G80,2025-12-16,0,1,1
G80,2025-12-17,1,0,1
G80,2025-12-18,0,1,0
G80,2025-12-19,1,0,0
G80,2025-12-20,1,1,1
G80,2025-12-21,1,1,0
G80,2025-12-22,1,0,1
G80,2025-12-23,0,0,0
G80,2025-12-24,1,1,0
G80,2025-12-25,0,1,0
G80,2025-12-26,1,1,1
G80,2025-12-27,1,1,1
G80,2025-12-28,1,1,1
G80,2025-12-29,0,0,0
G80,2025-12-30,0,0,0
G80,2025-12-31,1,1,1
G81,2025-12-01,0,0,0
G81,2025-12-02,1,1,1
G81,2025-12-03,0,0,0
G81,2025-12-04,0,0,0
G81,2025-12-05,1,1,1
G81,2025-12-06,0,1,0
G81,2025-12-07,1,1,1
G81,2025-12-08,0,1,1
G81,2025-12-09,1,0,0
G81,2025-12-10,0,0,0
G81,2025-12-11,1,0,0
G81,2025-12-12,1,1,1
G81,2025-12-13,1,1,0
G81,2025-12-14,0,0,0
G81,2025-12-15,0,0,0
G81,2025-12-16,1,0,0
G81,2025-12-17,0,0,0
G81,2025-12-18,0,0,0
G81,2025-12-19,1,1,0
G81,2025-12-20,0,0,1
G81,2025-12-21,0,0,0
G81,2025-12-22,1,0,1
G81,2025-12-23,1,1,1
G81,2025-12-24,0,1,1
G81,2025-12-25,1,1,0
G81,2025-12-26,0,1,1
G81,2025-12-27,1,1,1
G81,2025-12-28,1,1,1
G81,2025-12-29,1,1,0
G81,2025-12-30,1,0,1
G81,2025-12-31,0,0,0
G82,2025-12-01,1,0,1
G82,2025-12-02,1,1,1
G82,2025-12-03,1,1,1
G82,2025-12-04,0,1,1
G82,2025-12-05,0,0,0
G82,2025-12-06,1,1,1
G82,2025-12-07,0,0,0
G82,2025-12-08,0,0,0
G82,2025-12-09,1,1,1
G82,2025-12-10,1,1,0
G82,2025-12-11,1,0,0
G82,2025-12-12,1,0,1
G82,2025-12-13,0,0,0
G82,2025-12-14,1,0,1
G82,2025-12-15,0,1,0
G82,2025-12-16,0,0,0
G82,2025-12-17,0,0,1
G82,2025-12-18,1,0,1
G82,2025-12-19,1,1,1
G82,2025-12-20,0,1,1
G82,2025-12-21,0,0,0
G82,2025-12-22,0,0,1
G82,2025-12-23,0,0,0
G82,2025-12-24,1,1,0
G82,2025-12-25,0,0,1
G82,2025-12-26,0,1,1
G82,2025-12-27,0,0,1
G82,2025-12-28,1,1,0
G82,2025-12-29,0,0,0
G82,2025-12-30,0,0,1
G82,2025-12-31,1,0,0
G83,2025-12-01,0,0,0
G83,2025-12-02,0,0,0
G83,2025-12-03,0,0,0
G83,2025-12-04,0,1,0
G83,2025-12-05,0,0,1
G83,2025-12-06,1,0,1
G83,2025-12-07,1,0,0
G83,2025-12-08,1,1,1
G83,2025-12-09,0,0,0
G83,2025-12-10,1,1,1
G83,2025-12-11,1,1,1
G83,2025-12-12,0,0,0
G83,2025-12-13,0,1,0
G83,2025-12-14,0,0,1
G83,2025-12-15,0,0,0
G83,2025-12-16,1,0,1
G83,2025-12-17,1,0,1
G83,2025-12-18,1,0,0
G83,2025-12-19,1,1,1
G83,2025-12-20,0,0,1
G83,2025-12-21,1,1,0
G83,2025-12-22,0,0,0
G83,2025-12-23,0,0,0
G83,2025-12-24,1,1,1
G83,2025-12-25,0,0,1
G83,2025-12-26,0,1,1
G83,2025-12-27,0,0,0
G83,2025-12-28,1,1,1
G83,2025-12-29,0,1,1
G83,2025-12-30,0,1,0
G83,2025-12-31,1,1,1
G84,2025-12-01,0,0,0
G84,2025-12-02,1,0,0
G84,2025-12-03,0,0,0
G84,2025-12-04,0,1,1
G84,2025-12-05,0,0,0
G84,2025-12-06,1,1,1
G84,2025-12-07,1,1,1
G84,2025-12-08,1,0,0
G84,2025-12-09,0,0,0
G84,2025-12-10,0,0,0
G84,2025-12-11,0,0,0
G84,2025-12-12,0,0,0
G84,2025-12-13,0,1,1
G84,2025-12-14,1,0,1
G84,2025-12-15,1,1,0
G84,2025-12-16,1,0,1
G84,2025-12-17,1,1,0
G84,2025-12-18,0,0,1
G84,2025-12-19,0,1,0
G84,2025-12-20,1,1,1
G84,2025-12-21,1,0,1
G84,2025-12-22,0,0,0
G84,2025-12-23,1,1,1
G84,2025-12-24,1,1,1
G84,2025-12-25,0,1,1
G84,2025-12-26,0,1,1
G84,2025-12-27,0,0,0
G84,2025-12-28,0,0,0
G84,2025-12-29,1,1,0
G84,2025-12-30,0,0,1
G84,2025-12-31,1,0,0
G85,2025-12-01,1,0,0
G85,2025-12-02,0,0,0
G85,2025-12-03,0,1,1
G85,2025-12-04,0,0,0
G85,2025-12-05,0,1,1
G85,2025-12-06,1,1,1
G85,2025-12-07,0,0,0
G85,2025-12-08,1,1,1
G85,2025-12-09,1,1,1
G85,2025-12-10,0,0,0
G85,2025-12-11,0,0,0
G85,2025-12-12,1,0,0
G85,2025-12-13,0,0,1
G85,2025-12-14,1,1,1
G85,2025-12-15,1,1,0
G85,2025-12-16,0,1,0
G85,2025-12-17,1,0,0
G85,2025-12-18,0,1,0
G85,2025-12-19,0,0,0
G85,2025-12-20,1,0,1
G85,2025-12-21,1,1,1
G85,2025-12-22,1,1,1
G85,2025-12-23,0,1,0
G85,2025-12-24,1,1,1
G85,2025-12-25,1,0,0
G85,2025-12-26,0,1,0
G85,2025-12-27,0,0,1
G85,2025-12-28,1,1,0
G85,2025-12-29,0,0,0
G85,2025-12-30,1,0,1
G85,2025-12-31,0,0,0
G86,2025-12-01,1,1,0
G86,2025-12-02,1,1,0
G86,2025-12-03,1,1,1
G86,2025-12-04,1,1,1
G86,2025-12-05,0,1,1
G86,2025-12-06,0,0,0
G86,2025-12-07,0,0,0
G86,2025-12-08,0,0,0
G86,2025-12-09,1,1,1
G86,2025-12-10,1,0,1
G86,2025-12-11,0,0,0
G86,2025-12-12,0,1,0
G86,2025-12-13,0,0,0
G86,2025-12-14,0,1,1
G86,2025-12-15,1,1,0
G86,2025-12-16,1,1,0
G86,2025-12-17,0,0,0
G86,2025-12-18,0,0,1
G86,2025-12-19,0,1,1
G86,2025-12-20,1,0,0
G86,2025-12-21,1,1,1
G86,2025-12-22,0,0,0
G86,2025-12-23,1,1,0
G86,2025-12-24,0,0,0
G86,2025-12-25,0,0,0
G86,2025-12-26,0,1,1
G86,2025-12-27,1,0,0
G86,2025-12-28,1,0,0
G86,2025-12-29,1,1,1
G86,2025-12-30,0,0,0
G86,2025-12-31,1,0,1
G87,2025-12-01,0,0,0
G87,2025-12-02,0,0,1
G87,2025-12-03,0,0,0
G87,2025-12-04,0,1,1
G87,2025-12-05,1,0,0
G87,2025-12-06,1,1,1
G87,2025-12-07,0,0,0
G87,2025-12-08,1,1,1
G87,2025-12-09,0,1,1
G87,2025-12-10,1,0,1
G87,2025-12-11,1,1,1
G87,2025-12-12,1,1,0
G87,2025-12-13,0,1,0
G87,2025-12-14,0,1,0
G87,2025-12-15,0,0,1
G87,2025-12-16,1,1,1
G87,2025-12-17,0,0,1
G87,2025-12-18,0,0,0
G87,2025-12-19,0,0,0
G87,2025-12-20,1,1,1
G87,2025-12-21,1,1,0
G87,2025-12-22,1,1,0
G87,2025-12-23,1,0,1
G87,2025-12-24,0,0,1
G87,2025-12-25,1,1,0
G87,2025-12-26,1,0,1
G87,2025-12-27,1,1,1
G87,2025-12-28,0,0,0
G87,2025-12-29,1,0,1
G87,2025-12-30,1,1,1
G87,2025-12-31,0,1,0
G88,2025-12-01,1,1,1
G88,2025-12-02,0,0,0
G88,2025-12-03,0,0,0
G88,2025-12-04,1,0,0
G88,2025-12-05,1,0,0
G88,2025-12-06,0,0,0
G88,2025-12-07,0,0,0
G88,2025-12-08,1,0,1
G88,2025-12-09,0,1,1
G88,2025-12-10,1,0,1
G88,2025-12-11,1,1,1
G88,2025-12-12,0,0,0
G88,2025-12-13,0,0,0
G88,2025-12-14,1,1,0
G88,2025-12-15,0,0,1
G88,2025-12-16,1,1,1
G88,2025-12-17,0,0,0
G88,2025-12-18,1,0,0
G88,2025-12-19,1,0,1
G88,2025-12-20,0,0,0
G88,2025-12-21,1,1,1
G88,2025-12-22,1,1,0
G88,2025-12-23,0,0,0
G88,2025-12-24,0,0,0
G88,2025-12-25,1,0,1
G88,2025-12-26,0,0,1
G88,2025-12-27,0,0,0
G88,2025-12-28,0,0,0
G88,2025-12-29,0,0,0
G88,2025-12-30,0,1,0
G88,2025-12-31,0,0,0
G89,2025-12-01,0,0,0
G89,2025-12-02,0,0,0
G89,2025-12-03,1,0,0
G89,2025-12-04,0,0,0
G89,2025-12-05,1,1,1
G89,2025-12-06,0,0,0
G89,2025-12-07,0,0,0
G89,2025-12-08,1,0,0
G89,2025-12-09,1,1,1
G89,2025-12-10,0,0,0
G89,2025-12-11,0,1,1
G89,2025-12-12,0,1,1
G89,2025-12-13,1,1,1
G89,2025-12-14,0,0,0
G89,2025-12-15,0,1,0
G89,2025-12-16,0,1,1
G89,2025-12-17,0,0,0
G89,2025-12-18,1,1,1
G89,2025-12-19,1,1,0
G89,2025-12-20,0,0,1
G89,2025-12-21,0,1,1
G89,2025-12-22,0,0,0
G89,2025-12-23,0,0,0
G89,2025-12-24,1,1,1
G89,2025-12-25,1,0,0
G89,2025-12-26,1,1,0
G89,2025-12-27,1,1,1
G89,2025-12-28,0,0,0
G89,2025-12-29,1,1,1
G89,2025-12-30,0,0,1
G89,2025-12-31,0,0,0
G90,2025-12-01,0,0,0
G90,2025-12-02,1,1,1
G90,2025-12-03,1,1,1
G90,2025-12-04,0,1,0
G90,2025-12-05,0,0,0
G90,2025-12-06,1,1,1
G90,2025-12-07,0,0,1
G90,2025-12-08,0,0,1
G90,2025-12-09,0,0,0
G90,2025-12-10,0,1,1
G90,2025-12-11,1,1,1
G90,2025-12-12,0,0,0
G90,2025-12-13,1,1,1
G90,2025-12-14,1,1,1
G90,2025-12-15,1,1,1
G90,2025-12-16,0,0,0
G90,2025-12-17,0,1,0
G90,2025-12-18,1,1,1
G90,2025-12-19,1,0,1
G90,2025-12-20,1,0,0
G90,2025-12-21,1,1,1
G90,2025-12-22,1,1,1
G90,2025-12-23,1,1,1
G90,2025-12-24,1,1,1
G90,2025-12-25,1,0,1
G90,2025-12-26,0,0,0
G90,2025-12-27,0,1,1
G90,2025-12-28,1,1,1
G90,2025-12-29,0,0,1
G90,2025-12-30,1,1,1
G90,2025-12-31,0,0,0
G91,2025-12-01,1,0,0
G91,2025-12-02,0,1,1
G91,2025-12-03,0,0,0
G91,2025-12-04,1,1,0
G91,2025-12-05,1,1,0
G91,2025-12-06,1,1,0
G91,2025-12-07,1,1,1
G91,2025-12-08,0,0,0
G91,2025-12-09,1,0,0
G91,2025-12-10,1,1,1
G91,2025-12-11,0,1,1
G91,2025-12-12,1,1,0
G91,2025-12-13,1,0,0
G91,2025-12-14,1,1,0
G91,2025-12-15,0,0,1
G91,2025-12-16,0,0,0
G91,2025-12-17,1,1,1
G91,2025-12-18,1,1,1
G91,2025-12-19,1,0,0
G91,2025-12-20,0,0,0
G91,2025-12-21,0,1,0
G91,2025-12-22,0,1,0
G91,2025-12-23,0,0,1
G91,2025-12-24,1,0,1
G91,2025-12-25,0,0,0
G91,2025-12-26,1,1,0
G91,2025-12-27,0,1,1
G91,2025-12-28,0,0,1
G91,2025-12-29,0,1,1
G91,2025-12-30,1,1,1
G91,2025-12-31,1,1,1
G92,2025-12-01,0,0,0
G92,2025-12-02,1,0,1
G92,2025-12-03,0,0,0
G92,2025-12-04,0,0,0
G92,2025-12-05,0,0,0
G92,2025-12-06,0,0,0
G92,2025-12-07,0,1,0
G92,2025-12-08,0,0,0
G92,2025-12-09,1,1,1
G92,2025-12-10,1,0,1
G92,2025-12-11,0,0,0
G92,2025-12-12,0,0,0
G92,2025-12-13,1,1,1
G92,2025-12-14,0,0,1
G92,2025-12-15,0,0,0
G92,2025-12-16,0,0,0
G92,2025-12-17,0,0,0
G92,2025-12-18,0,0,0
G92,2025-12-19,0,1,1
G92,2025-12-20,1,1,0
G92,2025-12-21,1,1,0
G92,2025-12-22,0,0,0
G92,2025-12-23,1,0,1
G92,2025-12-24,0,0,0
G92,2025-12-25,0,1,0
G92,2025-12-26,1,1,0
G92,2025-12-27,0,1,1
G92,2025-12-28,1,1,1
G92,2025-12-29,0,0,0
G92,2025-12-30,1,1,1
G92,2025-12-31,0,1,0
G93,2025-12-01,0,0,0
G93,2025-12-02,0,1,0
G93,2025-12-03,1,1,0
G93,2025-12-04,0,0,0
G93,2025-12-05,0,0,0
G93,2025-12-06,0,1,1
G93,2025-12-07,0,0,0
G93,2025-12-08,1,1,1
G93,2025-12-09,0,0,0
G93,2025-12-10,0,0,0
G93,2025-12-11,1,1,1
G93,2025-12-12,0,1,1
G93,2025-12-13,0,0,0
G93,2025-12-14,0,1,0
G93,2025-12-15,0,1,1
G93,2025-12-16,0,0,1
G93,2025-12-17,1,1,1
G93,2025-12-18,0,0,0
G93,2025-12-19,0,1,1
G93,2025-12-20,0,0,0
G93,2025-12-21,0,0,0
G93,2025-12-22,1,0,1
G93,2025-12-23,1,1,1
G93,2025-12-24,0,0,0
G93,2025-12-25,1,1,0
G93,2025-12-26,0,0,0
G93,2025-12-27,1,0,0
G93,2025-12-28,1,1,1
G93,2025-12-29,0,0,0
G93,2025-12-30,0,0,0
G93,2025-12-31,0,0,0
G94,2025-12-01,0,0,0
G94,2025-12-02,0,0,0
G94,2025-12-03,0,0,1
G94,2025-12-04,1,0,0
G94,2025-12-05,1,0,1
G94,2025-12-06,1,1,1
G94,2025-12-07,0,0,0
G94,2025-12-08,1,0,1
G94,2025-12-09,1,1,1
G94,2025-12-10,0,0,1
G94,2025-12-11,1,0,1
G94,2025-12-12,1,1,1
G94,2025-12-13,1,1,1
G94,2025-12-14,0,0,1
G94,2025-12-15,0,0,0
G94,2025-12-16,0,0,0
G94,2025-12-17,0,0,0
G94,2025-12-18,0,0,0
G94,2025-12-19,0,0,1
G94,2025-12-20,0,1,1
G94,2025-12-21,1,1,0
G94,2025-12-22,0,1,1
G94,2025-12-23,0,0,0
G94,2025-12-24,1,1,1
G94,2025-12-25,1,0,0
G94,2025-12-26,0,0,0
G94,2025-12-27,0,1,0
G94,2025-12-28,0,0,0
G94,2025-12-29,1,0,0
G94,2025-12-30,1,1,1
G94,2025-12-31,1,1,1
G95,2025-12-01,1,1,1
G95,2025-12-02,1,1,1
G95,2025-12-03,0,0,0
G95,2025-12-04,1,0,1
G95,2025-12-05,1,0,0
G95,2025-12-06,0,0,0
G95,2025-12-07,1,1,1
G95,2025-12-08,1,1,1
G95,2025-12-09,1,1,1
G95,2025-12-10,1,0,0
G95,2025-12-11,0,0,0
G95,2025-12-12,0,0,0
G95,2025-12-13,0,0,0
G95,2025-12-14,1,1,1
G95,2025-12-15,1,1,1
G95,2025-12-16,0,0,1
G95,2025-12-17,0,0,1
G95,2025-12-18,0,1,1
G95,2025-12-19,1,1,1
G95,2025-12-20,0,0,0
G95,2025-12-21,1,1,1
G95,2025-12-22,0,0,0
G95,2025-12-23,1,1,1
G95,2025-12-24,0,0,0
G95,2025-12-25,0,0,0
G95,2025-12-26,1,1,1
G95,2025-12-27,0,0,0
G95,2025-12-28,0,0,0
G95,2025-12-29,0,0,0
G95,2025-12-30,1,0,0
G95,2025-12-31,1,1,1
G96,2025-12-01,0,0,0
G96,2025-12-02,0,1,0
G96,2025-12-03,1,1,1
G96,2025-12-04,1,0,0
G96,2025-12-05,0,0,1
G96,2025-12-06,0,1,1
G96,2025-12-07,1,1,0
G96,2025-12-08,1,1,1
G96,2025-12-09,1,0,0
G96,2025-12-10,0,0,1
G96,2025-12-11,1,1,1
G96,2025-12-12,1,1,0
G96,2025-12-13,1,0,1
G96,2025-12-14,0,1,1
G96,2025-12-15,1,0,0
G96,2025-12-16,0,0,0
G96,2025-12-17,1,1,1
G96,2025-12-18,1,1,0
G96,2025-12-19,1,1,1
G96,2025-12-20,1,1,1
G96,2025-12-21,0,0,0
G96,2025-12-22,0,0,0
G96,2025-12-23,0,0,0
G96,2025-12-24,1,1,1
G96,2025-12-25,0,0,0
G96,2025-12-26,1,1,1
G96,2025-12-27,0,1,1
G96,2025-12-28,0,0,0
G96,2025-12-29,0,0,0
G96,2025-12-30,0,0,1
G96,2025-12-31,1,1,0
G97,2025-12-01,1,1,1
G97,2025-12-02,0,0,1
G97,2025-12-03,1,0,0
G97,2025-12-04,0,0,0
G97,2025-12-05,1,1,1
G97,2025-12-06,0,0,0
G97,2025-12-07,0,0,1
G97,2025-12-08,0,0,1
G97,2025-12-09,0,0,0
G97,2025-12-10,1,1,1
G97,2025-12-11,1,1,0
G97,2025-12-12,1,1,1
G97,2025-12-13,1,1,0
G97,2025-12-14,0,1,0
G97,2025-12-15,1,0,1
G97,2025-12-16,1,1,1
G97,2025-12-17,1,0,0
G97,2025-12-18,1,1,0
G97,2025-12-19,1,0,0
G97,2025-12-20,1,1,1
G97,2025-12-21,0,0,0
G97,2025-12-22,0,1,0
G97,2025-12-23,0,0,0
G97,2025-12-24,1,1,1
G97,2025-12-25,1,0,0
G97,2025-12-26,1,1,0
G97,2025-12-27,0,1,1
G97,2025-12-28,0,0,0
G97,2025-12-29,1,1,1
G97,2025-12-30,1,1,1
G97,2025-12-31,1,1,1
G98,2025-12-01,1,0,1
G98,2025-12-02,1,1,1
G98,2025-12-03,1,1,0
G98,2025-12-04,0,0,0
G98,2025-12-05,1,0,1
G98,2025-12-06,0,1,0
G98,2025-12-07,1,1,1
G98,2025-12-08,1,1,1
G98,2025-12-09,0,0,1
G98,2025-12-10,1,1,1
G98,2025-12-11,0,0,0
G98,2025-12-12,1,1,0
G98,2025-12-13,1,1,1
G98,2025-12-14,0,1,1
G98,2025-12-15,1,1,1
G98,2025-12-16,0,0,0
G98,2025-12-17,1,1,1
G98,2025-12-18,1,0,1
G98,2025-12-19,0,0,0
G98,2025-12-20,0,1,1
G98,2025-12-21,1,0,1
G98,2025-12-22,1,0,0
G98,2025-12-23,0,1,0
G98,2025-12-24,0,0,0
G98,2025-12-25,0,1,0
G98,2025-12-26,0,0,0
G98,2025-12-27,1,1,1
G98,2025-12-28,0,0,0
G98,2025-12-29,0,0,0
G98,2025-12-30,0,0,1
G98,2025-12-31,0,1,0
G99,2025-12-01,0,1,0
G99,2025-12-02,0,1,1
G99,2025-12-03,0,0,1
G99,2025-12-04,1,0,0
G99,2025-12-05,1,0,0
G99,2025-12-06,0,0,0
G99,2025-12-07,0,0,0
G99,2025-12-08,1,0,0
G99,2025-12-09,1,0,0
G99,2025-12-10,1,1,1
G99,2025-12-11,1,1,0
G99,2025-12-12,1,1,1
G99,2025-12-13,1,0,0
G99,2025-12-14,0,0,0
G99,2025-12-15,1,0,1
G99,2025-12-16,1,1,1
G99,2025-12-17,0,0,0
G99,2025-12-18,0,0,0
G99,2025-12-19,1,1,1
G99,2025-12-20,1,0,0
G99,2025-12-21,0,0,1
G99,2025-12-22,0,0,0
G99,2025-12-23,0,0,1
G99,2025-12-24,0,0,0
G99,2025-12-25,1,1,0
G99,2025-12-26,1,1,1
G99,2025-12-27,0,1,1
G99,2025-12-28,0,0,1
G99,2025-12-29,1,1,1
G99,2025-12-30,1,1,0
G99,2025-12-31,1,1,1
G100,2025-12-01,1,0,1
G100,2025-12-02,1,0,0
G100,2025-12-03,1,1,1
G100,2025-12-04,0,0,0
G100,2025-12-05,1,1,1
G100,2025-12-06,1,0,1
G100,2025-12-07,0,0,0
G100,2025-12-08,1,0,0
G100,2025-12-09,1,1,1
G100,2025-12-10,1,0,0
G100,2025-12-11,1,1,1
G100,2025-12-12,1,1,1
G100,2025-12-13,1,1,1
G100,2025-12-14,0,0,0
G100,2025-12-15,0,1,1
G100,2025-12-16,1,0,1
G100,2025-12-17,1,1,1
G100,2025-12-18,1,0,1
G100,2025-12-19,1,1,1
G100,2025-12-20,1,0,0
G100,2025-12-21,0,0,1
G100,2025-12-22,1,1,1
G100,2025-12-23,0,0,0
G100,2025-12-24,1,0,1
G100,2025-12-25,1,1,1
G100,2025-12-26,0,0,0
G100,2025-12-27,1,0,1
G100,2025-12-28,0,0,0
G100,2025-12-29,1,0,1
G100,2025-12-30,0,1,1
G100,2025-12-31,1,0,1
G101,2025-12-01,1,1,1
G101,2025-12-02,0,0,0
G101,2025-12-03,1,1,1
G101,2025-12-04,0,0,0
G101,2025-12-05,1,1,1
G101,2025-12-06,0,0,0
G101,2025-12-07,1,1,0
G101,2025-12-08,0,0,0
G101,2025-12-09,0,1,1
G101,2025-12-10,1,1,1
G101,2025-12-11,1,1,1
G101,2025-12-12,0,0,0
G101,2025-12-13,1,0,0
G101,2025-12-14,0,0,0
G101,2025-12-15,0,0,0
G101,2025-12-16,0,0,0
G101,2025-12-17,1,1,0
G101,2025-12-18,1,0,1
G101,2025-12-19,0,0,0
G101,2025-12-20,1,1,1
G101,2025-12-21,1,1,1
G101,2025-12-22,0,0,0
G101,2025-12-23,1,1,1
G101,2025-12-24,1,0,0
G101,2025-12-25,0,0,1
G101,2025-12-26,0,0,0
G101,2025-12-27,0,0,0
G101,2025-12-28,0,1,1
G101,2025-12-29,1,1,1
G101,2025-12-30,1,1,0
G101,2025-12-31,1,0,0
G102,2025-12-01,0,0,1
G102,2025-12-02,0,0,0
G102,2025-12-03,1,1,0
G102,2025-12-04,1,0,1
G102,2025-12-05,1,1,1
G102,2025-12-06,0,1,0
G102,2025-12-07,0,0,1
G102,2025-12-08,1,1,1
G102,2025-12-09,0,0,0
G102,2025-12-10,0,0,0
G102,2025-12-11,1,1,1
G102,2025-12-12,1,1,1
G102,2025-12-13,1,1,1
G102,2025-12-14,0,0,1
G102,2025-12-15,0,0,0
G102,2025-12-16,1,1,1
G102,2025-12-17,0,0,1
G102,2025-12-18,0,0,0
G102,2025-12-19,1,1,1
G102,2025-12-20,1,0,1
G102,2025-12-21,0,0,1
G102,2025-12-22,1,1,1
G102,2025-12-23,1,0,0
G102,2025-12-24,0,1,0
G102,2025-12-25,1,1,1
G102,2025-12-26,1,0,0
G102,2025-12-27,0,1,1
G102,2025-12-28,1,0,0
G102,2025-12-29,0,1,0
G102,2025-12-30,1,1,1
G102,2025-12-31,1,0,1
G103,2025-12-01,0,0,1
G103,2025-12-02,0,0,0
G103,2025-12-03,1,1,1
G103,2025-12-04,0,0,0
G103,2025-12-05,1,0,1
G103,2025-12-06,0,0,0
G103,2025-12-07,1,0,0
G103,2025-12-08,1,1,1
G103,2025-12-09,0,1,1
G103,2025-12-10,1,1,1
G103,2025-12-11,0,0,0
G103,2025-12-12,0,0,0
G103,2025-12-13,0,0,0
G103,2025-12-14,0,0,1
G103,2025-12-15,1,0,0
G103,2025-12-16,1,1,1
G103,2025-12-17,0,0,0
G103,2025-12-18,1,1,0
G103,2025-12-19,1,1,1
G103,2025-12-20,1,0,1
G103,2025-12-21,0,0,0
G103,2025-12-22,1,1,0
G103,2025-12-23,1,1,1
G103,2025-12-24,1,0,0
G103,2025-12-25,0,0,0
G103,2025-12-26,0,0,1
G103,2025-12-27,0,1,0
G103,2025-12-28,1,1,1
G103,2025-12-29,0,0,1
G103,2025-12-30,0,0,0
G103,2025-12-31,1,1,1
G104,2025-12-01,1,0,1
G104,2025-12-02,0,0,0
G104,2025-12-03,0,0,0
G104,2025-12-04,0,1,1
G104,2025-12-05,1,1,1
G104,2025-12-06,0,1,1
G104,2025-12-07,0,0,1
G104,2025-12-08,0,0,0
G104,2025-12-09,1,0,1
G104,2025-12-10,0,0,0
G104,2025-12-11,0,0,1
G104,2025-12-12,0,1,0
G104,2025-12-13,0,1,0
G104,2025-12-14,0,0,0
G104,2025-12-15,1,0,1
G104,2025-12-16,0,0,1
G104,2025-12-17,0,1,0
G104,2025-12-18,0,0,0
G104,2025-12-19,1,1,1
G104,2025-12-20,0,1,1
G104,2025-12-21,0,1,0
G104,2025-12-22,1,0,1
G104,2025-12-23,1,1,1
G104,2025-12-24,1,1,1
G104,2025-12-25,0,1,1
G104,2025-12-26,0,0,0
G104,2025-12-27,1,1,1
G104,2025-12-28,0,0,0
G104,2025-12-29,0,0,0
G104,2025-12-30,0,0,0
G104,2025-12-31,0,1,1
G105,2025-12-01,0,0,0
G105,2025-12-02,0,1,0
G105,2025-12-03,0,1,1
G105,2025-12-04,1,1,1
G105,2025-12-05,1,0,1
G105,2025-12-06,0,0,0
G105,2025-12-07,1,1,0
G105,2025-12-08,0,0,0
G105,2025-12-09,0,0,0
G105,2025-12-10,1,0,1
G105,2025-12-11,1,0,1
G105,2025-12-12,0,0,0
G105,2025-12-13,0,0,0
G105,2025-12-14,0,1,0
G105,2025-12-15,1,1,1
G105,2025-12-16,1,1,1
G105,2025-12-17,1,1,0
G105,2025-12-18,0,0,0
G105,2025-12-19,1,0,0
G105,2025-12-20,1,1,0
G105,2025-12-21,0,0,0
G105,2025-12-22,0,0,1
G105,2025-12-23,1,0,1
G105,2025-12-24,0,0,0
G105,2025-12-25,1,0,1
G105,2025-12-26,1,0,0
G105,2025-12-27,1,0,1
G105,2025-12-28,1,0,0
G105,2025-12-29,0,1,0
G105,2025-12-30,1,0,1
G105,2025-12-31,0,0,0
G106,2025-12-01,1,0,1
G106,2025-12-02,0,0,0
G106,2025-12-03,0,0,0
G106,2025-12-04,1,0,1
G106,2025-12-05,1,1,1
G106,2025-12-06,1,1,1
G106,2025-12-07,1,0,1
G106,2025-12-08,1,1,1
G106,2025-12-09,1,1,1
G106,2025-12-10,1,0,0
G106,2025-12-11,1,0,1
G106,2025-12-12,0,0,0
G106,2025-12-13,0,0,1
G106,2025-12-14,1,1,1
G106,2025-12-15,0,0,1
G106,2025-12-16,0,1,0
G106,2025-12-17,0,0,0
G106,2025-12-18,1,1,1
G106,2025-12-19,1,0,1
G106,2025-12-20,0,0,0
G106,2025-12-21,1,1,1
G106,2025-12-22,0,1,1
G106,2025-12-23,0,0,0
G106,2025-12-24,1,0,1
G106,2025-12-25,0,0,0
G106,2025-12-26,0,1,1
G106,2025-12-27,1,1,1
G106,2025-12-28,0,1,1
G106,2025-12-29,1,1,1
G106,2025-12-30,0,1,1
G106,2025-12-31,1,1,1
G107,2025-12-01,1,1,1
G107,2025-12-02,0,0,0
G107,2025-12-03,0,0,0
G107,2025-12-04,0,0,0
G107,2025-12-05,1,0,0
G107,2025-12-06,0,1,1
G107,2025-12-07,1,0,1
G107,2025-12-08,0,1,1
G107,2025-12-09,1,0,1
G107,2025-12-10,1,1,1
G107,2025-12-11,1,1,1
G107,2025-12-12,1,1,0
G107,2025-12-13,1,1,0
G107,2025-12-14,1,1,0
G107,2025-12-15,1,1,1
G107,2025-12-16,0,0,0
G107,2025-12-17,0,1,0
G107,2025-12-18,0,0,0
G107,2025-12-19,0,1,1
G107,2025-12-20,0,1,1
G107,2025-12-21,0,0,0
G107,2025-12-22,1,1,1
G107,2025-12-23,0,1,0
G107,2025-12-24,0,0,0
G107,2025-12-25,0,1,1
G107,2025-12-26,0,0,0
G107,2025-12-27,0,0,0
G107,2025-12-28,1,0,0
G107,2025-12-29,0,1,0
G107,2025-12-30,0,0,1
G107,2025-12-31,1,1,1
G108,2025-12-01,0,0,0
G108,2025-12-02,0,0,0
G108,2025-12-03,1,1,1
G108,2025-12-04,1,1,0
G108,2025-12-05,0,1,1
G108,2025-12-06,0,0,0
G108,2025-12-07,1,1,1
G108,2025-12-08,1,1,1
G108,2025-12-09,1,1,0
G108,2025-12-10,0,0,0
G108,2025-12-11,1,1,1
G108,2025-12-12,1,0,1
G108,2025-12-13,1,1,1
G108,2025-12-14,0,0,0
G108,2025-12-15,0,1,1
G108,2025-12-16,1,1,1
G108,2025-12-17,0,0,0
G108,2025-12-18,1,1,0
G108,2025-12-19,0,1,1
G108,2025-12-20,1,1,1
G108,2025-12-21,1,1,1
G108,2025-12-22,1,1,0
G108,2025-12-23,1,0,1
G108,2025-12-24,1,1,0
G108,2025-12-25,1,1,1
G108,2025-12-26,0,0,0
G108,2025-12-27,1,1,1
G108,2025-12-28,0,1,1
G108,2025-12-29,1,1,0
G108,2025-12-30,1,1,1
G108,2025-12-31,0,0,0
G109,2025-12-01,1,1,0
G109,2025-12-02,0,0,0
G109,2025-12-03,1,0,0
G109,2025-12-04,0,0,0
G109,2025-12-05,0,0,0
G109,2025-12-06,1,1,1
G109,2025-12-07,1,0,0
G109,2025-12-08,0,0,0
G109,2025-12-09,0,0,0
G109,2025-12-10,0,0,0
G109,2025-12-11,0,1,0
G109,2025-12-12,1,1,1
G109,2025-12-13,1,1,1
G109,2025-12-14,1,0,1
G109,2025-12-15,0,0,0
G109,2025-12-16,0,0,0
G109,2025-12-17,0,0,0
G109,2025-12-18,0,1,0
G109,2025-12-19,1,1,1
G109,2025-12-20,0,0,0
G109,2025-12-21,0,0,1
G109,2025-12-22,0,0,0
G109,2025-12-23,0,1,0
G109,2025-12-24,1,1,1
G109,2025-12-25,0,0,0
G109,2025-12-26,0,0,0
G109,2025-12-27,1,0,0
G109,2025-12-28,1,0,0
G109,2025-12-29,0,0,0
G109,2025-12-30,0,0,0
G109,2025-12-31,0,0,0
G110,2025-12-01,0,1,1
G110,2025-12-02,0,1,0
G110,2025-12-03,1,1,1
G110,2025-12-04,0,0,1
G110,2025-12-05,0,1,1
G110,2025-12-06,0,1,0
G110,2025-12-07,0,1,0
G110,2025-12-08,0,1,1
G110,2025-12-09,0,1,1
G110,2025-12-10,1,1,1
G110,2025-12-11,0,0,0
G110,2025-12-12,0,0,0
G110,2025-12-13,0,0,0
G110,2025-12-14,0,0,0
G110,2025-12-15,0,1,0
G110,2025-12-16,0,0,0
G110,2025-12-17,1,1,1
G110,2025-12-18,1,1,1
G110,2025-12-19,0,1,1
G110,2025-12-20,0,0,0
G110,2025-12-21,1,0,1
G110,2025-12-22,0,0,1
G110,2025-12-23,1,1,1
G110,2025-12-24,0,1,0
G110,2025-12-25,1,0,1
G110,2025-12-26,1,1,1
G110,2025-12-27,0,0,0
G110,2025-12-28,0,1,1
G110,2025-12-29,0,0,1
G110,2025-12-30,0,1,0
G110,2025-12-31,1,1,1
G111,2025-12-01,0,0,1
G111,2025-12-02,1,0,0
G111,2025-12-03,1,0,1
G111,2025-12-04,0,0,0
G111,2025-12-05,0,0,0
G111,2025-12-06,0,0,0
G111,2025-12-07,0,0,0
G111,2025-12-08,1,0,1
G111,2025-12-09,1,1,1
G111,2025-12-10,0,0,0
G111,2025-12-11,1,0,1
G111,2025-12-12,0,0,0
G111,2025-12-13,1,1,1
G111,2025-12-14,1,0,1
G111,2025-12-15,0,0,0
G111,2025-12-16,1,0,1
G111,2025-12-17,1,1,0
G111,2025-12-18,1,0,1
G111,2025-12-19,0,0,1
G111,2025-12-20,0,0,0
G111,2025-12-21,0,0,1
G111,2025-12-22,0,0,1
G111,2025-12-23,0,0,0
G111,2025-12-24,0,1,0
G111,2025-12-25,1,0,0
G111,2025-12-26,0,1,1
G111,2025-12-27,0,0,0
G111,2025-12-28,0,0,0
G111,2025-12-29,1,1,1
G111,2025-12-30,1,1,0
G111,2025-12-31,0,1,1
G112,2025-12-01,0,1,1
G112,2025-12-02,1,0,0
G112,2025-12-03,1,1,1
G112,2025-12-04,0,0,1
G112,2025-12-05,1,0,0
G112,2025-12-06,1,0,1
G112,2025-12-07,0,0,0
G112,2025-12-08,0,0,0
G112,2025-12-09,0,0,0
G112,2025-12-10,1,1,1
G112,2025-12-11,1,1,1
G112,2025-12-12,0,0,0
G112,2025-12-13,0,0,0
G112,2025-12-14,1,0,0
G112,2025-12-15,1,0,1
G112,2025-12-16,1,1,1
G112,2025-12-17,0,0,0
G112,2025-12-18,0,0,0
G112,2025-12-19,0,0,0
G112,2025-12-20,0,1,0
G112,2025-12-21,1,0,0
G112,2025-12-22,0,0,0
G112,2025-12-23,0,0,0
G112,2025-12-24,1,0,1
G112,2025-12-25,1,1,1
G112,2025-12-26,0,0,0
G112,2025-12-27,0,0,0
G112,2025-12-28,1,0,1
G112,2025-12-29,1,0,0
G112,2025-12-30,0,0,0
G112,2025-12-31,0,0,0
G113,2025-12-01,1,1,1
G113,2025-12-02,0,1,0
G113,2025-12-03,0,0,0
G113,2025-12-04,1,0,1
G113,2025-12-05,1,1,0
G113,2025-12-06,1,1,1
G113,2025-12-07,0,0,1
G113,2025-12-08,1,1,0
G113,2025-12-09,0,0,0
G113,2025-12-10,1,0,1
G113,2025-12-11,0,0,0
G113,2025-12-12,1,1,0
G113,2025-12-13,0,0,0
G113,2025-12-14,0,1,1
G113,2025-12-15,0,0,0
G113,2025-12-16,0,1,0
G113,2025-12-17,0,0,0
G113,2025-12-18,0,0,0
G113,2025-12-19,1,1,1
G113,2025-12-20,1,0,1
G113,2025-12-21,0,0,0
G113,2025-12-22,0,0,0
G113,2025-12-23,0,1,1
G113,2025-12-24,1,1,0
G113,2025-12-25,0,0,0
G113,2025-12-26,1,1,0
G113,2025-12-27,0,1,1
G113,2025-12-28,1,0,1
G113,2025-12-29,1,1,1
G113,2025-12-30,0,1,1
G113,2025-12-31,0,0,0
G114,2025-12-01,1,1,1
G114,2025-12-02,0,0,1
G114,2025-12-03,1,1,1
G114,2025-12-04,1,1,1
G114,2025-12-05,0,0,1
G114,2025-12-06,0,0,0
G114,2025-12-07,1,1,1
G114,2025-12-08,1,1,1
G114,2025-12-09,1,1,1
G114,2025-12-10,1,1,1
G114,2025-12-11,0,0,1
G114,2025-12-12,0,0,1
G114,2025-12-13,1,1,0
G114,2025-12-14,0,1,0
G114,2025-12-15,1,0,0
G114,2025-12-16,1,1,1
G114,2025-12-17,0,0,0
G114,2025-12-18,0,0,0
G114,2025-12-19,0,0,0
G114,2025-12-20,1,1,1
G114,2025-12-21,0,1,1
G114,2025-12-22,1,1,0
G114,2025-12-23,0,0,0
G114,2025-12-24,1,1,0
G114,2025-12-25,0,1,0
G114,2025-12-26,1,0,1
G114,2025-12-27,0,1,1
G114,2025-12-28,0,0,0
G114,2025-12-29,0,0,1
G114,2025-12-30,1,1,0
G114,2025-12-31,0,0,0
G115,2025-12-01,0,0,1
G115,2025-12-02,1,1,1
G115,2025-12-03,1,0,0
G115,2025-12-04,0,0,1
G115,2025-12-05,0,1,1
G115,2025-12-06,1,0,0
G115,2025-12-07,0,1,1
G115,2025-12-08,0,0,0
G115,2025-12-09,1,1,1
G115,2025-12-10,0,0,0
G115,2025-12-11,0,0,0
G115,2025-12-12,0,0,0
G115,2025-12-13,1,1,1
G115,2025-12-14,0,0,0
G115,2025-12-15,0,0,0
G115,2025-12-16,0,0,0
G115,2025-12-17,1,0,0
G115,2025-12-18,1,0,1
G115,2025-12-19,0,1,0
G115,2025-12-20,0,0,1
G115,2025-12-21,1,1,1
G115,2025-12-22,0,0,0
G115,2025-12-23,1,1,1
G115,2025-12-24,1,1,1
G115,2025-12-25,0,0,1
G115,2025-12-26,0,0,0
G115,2025-12-27,0,0,0
G115,2025-12-28,0,0,0
G115,2025-12-29,1,1,0
G115,2025-12-30,1,1,0
G115,2025-12-31,0,1,1
G116,2025-12-01,1,1,0
G116,2025-12-02,1,1,1
G116,2025-12-03,1,0,1
G116,2025-12-04,1,1,1
G116,2025-12-05,1,1,0
G116,2025-12-06,1,1,1
G116,2025-12-07,1,1,1
G116,2025-12-08,0,1,1
G116,2025-12-09,0,0,0
G116,2025-12-10,1,1,1
G116,2025-12-11,1,1,1
G116,2025-12-12,1,1,1
G116,2025-12-13,1,1,1
G116,2025-12-14,0,0,1
G116,2025-12-15,1,1,0
G116,2025-12-16,0,0,0
G116,2025-12-17,0,1,1
G116,2025-12-18,0,0,0
G116,2025-12-19,1,1,0
G116,2025-12-20,1,1,1
G116,2025-12-21,0,0,0
G116,2025-12-22,1,1,0
G116,2025-12-23,0,1,0
G116,2025-12-24,1,1,1
G116,2025-12-25,0,0,0
G116,2025-12-26,1,0,0
G116,2025-12-27,1,1,1
G116,2025-12-28,0,0,0
G116,2025-12-29,0,0,0
G116,2025-12-30,1,1,1
G116,2025-12-31,0,1,0
G117,2025-12-01,1,1,1
G117,2025-12-02,1,1,1
G117,2025-12-03,0,0,0
G117,2025-12-04,0,1,0
G117,2025-12-05,0,0,0
G117,2025-12-06,0,1,1
G117,2025-12-07,0,0,0
G117,2025-12-08,0,1,1
G117,2025-12-09,1,1,1
G117,2025-12-10,0,0,0
G117,2025-12-11,0,1,0
G117,2025-12-12,0,0,0
G117,2025-12-13,0,0,0
G117,2025-12-14,0,0,0
G117,2025-12-15,1,0,0
G117,2025-12-16,1,0,1
G117,2025-12-17,0,1,1
G117,2025-12-18,0,0,0
G117,2025-12-19,1,0,0
G117,2025-12-20,0,0,0
G117,2025-12-21,0,0,0
G117,2025-12-22,1,1,0
G117,2025-12-23,0,0,0
G117,2025-12-24,0,0,0
G117,2025-12-25,1,0,0
G117,2025-12-26,1,0,1
G117,2025-12-27,0,1,0
G117,2025-12-28,0,0,0
G117,2025-12-29,0,0,1
G117,2025-12-30,0,0,0
G117,2025-12-31,1,1,1
G118,2025-12-01,0,0,0
G118,2025-12-02,1,1,1
G118,2025-12-03,1,1,1
G118,2025-12-04,1,0,1
G118,2025-12-05,0,1,1
G118,2025-12-06,0,0,1
G118,2025-12-07,1,1,1
G118,2025-12-08,0,0,0
G118,2025-12-09,0,0,0
G118,2025-12-10,0,0,0
G118,2025-12-11,1,1,0
G118,2025-12-12,1,0,0
G118,2025-12-13,0,0,0
G118,2025-12-14,0,0,0
G118,2025-12-15,0,0,1
G118,2025-12-16,1,0,1
G118,2025-12-17,0,0,0
G118,2025-12-18,0,0,1
G118,2025-12-19,0,0,0
G118,2025-12-20,0,1,0
G118,2025-12-21,0,1,0
G118,2025-12-22,0,0,0
G118,2025-12-23,0,0,0
G118,2025-12-24,0,0,0
G118,2025-12-25,1,1,1
G118,2025-12-26,0,0,0
G118,2025-12-27,0,0,0
G118,2025-12-28,0,0,0
G118,2025-12-29,1,1,1
G118,2025-12-30,1,0,1
G118,2025-12-31,1,1,1
G119,2025-12-01,0,0,0
G119,2025-12-02,1,1,1
G119,2025-12-03,0,0,0
G119,2025-12-04,1,1,1
G119,2025-12-05,1,1,1
G119,2025-12-06,1,1,1
G119,2025-12-07,1,1,1
G119,2025-12-08,1,1,1
G119,2025-12-09,1,0,0
G119,2025-12-10,1,1,1
G119,2025-12-11,0,1,0
G119,2025-12-12,1,0,1
G119,2025-12-13,1,1,0
G119,2025-12-14,0,1,0
G119,2025-12-15,0,0,0
G119,2025-12-16,0,0,0
G119,2025-12-17,0,0,0
G119,2025-12-18,1,0,1
G119,2025-12-19,1,1,1
G119,2025-12-20,1,1,1
G119,2025-12-21,0,0,0
G119,2025-12-22,1,1,1
G119,2025-12-23,0,0,0
G119,2025-12-24,0,0,0
G119,2025-12-25,1,1,0
G119,2025-12-26,0,1,1
G119,2025-12-27,0,1,0
G119,2025-12-28,0,0,0
G119,2025-12-29,1,1,1
G119,2025-12-30,0,1,1
G119,2025-12-31,1,1,0
G120,2025-12-01,0,0,0
G120,2025-12-02,0,0,0
G120,2025-12-03,0,0,0
G120,2025-12-04,1,0,0
G120,2025-12-05,1,1,0
G120,2025-12-06,1,1,0
G120,2025-12-07,1,0,1
G120,2025-12-08,1,0,1
G120,2025-12-09,1,1,1
G120,2025-12-10,0,1,1
G120,2025-12-11,0,0,0
G120,2025-12-12,1,1,1
G120,2025-12-13,0,0,0
G120,2025-12-14,0,0,1
G120,2025-12-15,1,1,1
G120,2025-12-16,0,0,0
G120,2025-12-17,0,0,0
G120,2025-12-18,1,0,0
G120,2025-12-19,1,1,0
G120,2025-12-20,0,0,1
G120,2025-12-21,1,1,1
G120,2025-12-22,0,1,0
G120,2025-12-23,0,0,0
G120,2025-12-24,1,1,1
G120,2025-12-25,1,1,1
G120,2025-12-26,1,1,1
G120,2025-12-27,0,0,1
G120,2025-12-28,0,0,0
G120,2025-12-29,1,0,0
G120,2025-12-30,0,0,0
G120,2025-12-31,0,0,0
